/*
SQLyog Community v13.1.2 (64 bit)
MySQL - 10.1.10-MariaDB : Database - joscelynopal
*********************************************************************
*/

/*!40101 SET NAMES utf8 */;

/*!40101 SET SQL_MODE=''*/;

/*!40014 SET @OLD_UNIQUE_CHECKS=@@UNIQUE_CHECKS, UNIQUE_CHECKS=0 */;
/*!40014 SET @OLD_FOREIGN_KEY_CHECKS=@@FOREIGN_KEY_CHECKS, FOREIGN_KEY_CHECKS=0 */;
/*!40101 SET @OLD_SQL_MODE=@@SQL_MODE, SQL_MODE='NO_AUTO_VALUE_ON_ZERO' */;
/*!40111 SET @OLD_SQL_NOTES=@@SQL_NOTES, SQL_NOTES=0 */;
CREATE DATABASE /*!32312 IF NOT EXISTS*/`joscelynopal` /*!40100 DEFAULT CHARACTER SET latin1 */;

USE `joscelynopal`;

/*Table structure for table `category` */

DROP TABLE IF EXISTS `category`;

CREATE TABLE `category` (
  `category_id` int(11) NOT NULL AUTO_INCREMENT,
  `name` varchar(255) NOT NULL,
  `description` text NOT NULL,
  `sort_order` int(3) NOT NULL DEFAULT '0',
  `status` tinyint(1) NOT NULL DEFAULT '1',
  `slug` varchar(255) NOT NULL,
  `date_added` datetime NOT NULL,
  `date_modified` datetime NOT NULL,
  PRIMARY KEY (`category_id`)
) ENGINE=InnoDB AUTO_INCREMENT=10 DEFAULT CHARSET=latin1;

/*Data for the table `category` */

insert  into `category`(`category_id`,`name`,`description`,`sort_order`,`status`,`slug`,`date_added`,`date_modified`) values 
(8,'Opal Rings','',3,1,'opal-rings','2015-07-29 06:10:11','2018-01-17 15:20:34'),
(9,'Opal Pendants','',4,1,'opal-pendants','2015-07-29 06:11:23','2018-01-17 15:20:50');

/*Table structure for table `country` */

DROP TABLE IF EXISTS `country`;

CREATE TABLE `country` (
  `country_id` int(11) NOT NULL AUTO_INCREMENT,
  `name` varchar(128) NOT NULL,
  `shipping_price` decimal(15,4) DEFAULT '0.0000',
  PRIMARY KEY (`country_id`)
) ENGINE=MyISAM AUTO_INCREMENT=258 DEFAULT CHARSET=utf8;

/*Data for the table `country` */

insert  into `country`(`country_id`,`name`,`shipping_price`) values 
(1,'Afghanistan',6.2000),
(2,'Albania',NULL),
(3,'Algeria',NULL),
(4,'American Samoa',NULL),
(5,'Andorra',NULL),
(6,'Angola',NULL),
(7,'Anguilla',NULL),
(8,'Antarctica',NULL),
(9,'Antigua and Barbuda',NULL),
(10,'Argentina',NULL),
(11,'Armenia',NULL),
(12,'Aruba',NULL),
(13,'Australia',NULL),
(14,'Austria',NULL),
(15,'Azerbaijan',NULL),
(16,'Bahamas',NULL),
(17,'Bahrain',NULL),
(18,'Bangladesh',NULL),
(19,'Barbados',NULL),
(20,'Belarus',NULL),
(21,'Belgium',NULL),
(22,'Belize',NULL),
(23,'Benin',NULL),
(24,'Bermuda',NULL),
(25,'Bhutan',NULL),
(26,'Bolivia',NULL),
(27,'Bosnia and Herzegovina',NULL),
(28,'Botswana',NULL),
(29,'Bouvet Island',NULL),
(30,'Brazil',NULL),
(31,'British Indian Ocean Territory',NULL),
(32,'Brunei Darussalam',NULL),
(33,'Bulgaria',NULL),
(34,'Burkina Faso',NULL),
(35,'Burundi',NULL),
(36,'Cambodia',NULL),
(37,'Cameroon',NULL),
(38,'Canada',NULL),
(39,'Cape Verde',NULL),
(40,'Cayman Islands',NULL),
(41,'Central African Republic',NULL),
(42,'Chad',NULL),
(43,'Chile',NULL),
(44,'China',NULL),
(45,'Christmas Island',NULL),
(46,'Cocos (Keeling) Islands',NULL),
(47,'Colombia',NULL),
(48,'Comoros',NULL),
(49,'Congo',NULL),
(50,'Cook Islands',NULL),
(51,'Costa Rica',NULL),
(52,'Cote D\'Ivoire',NULL),
(53,'Croatia',NULL),
(54,'Cuba',NULL),
(55,'Cyprus',NULL),
(56,'Czech Republic',NULL),
(57,'Denmark',NULL),
(58,'Djibouti',NULL),
(59,'Dominica',NULL),
(60,'Dominican Republic',NULL),
(61,'East Timor',NULL),
(62,'Ecuador',NULL),
(63,'Egypt',NULL),
(64,'El Salvador',NULL),
(65,'Equatorial Guinea',NULL),
(66,'Eritrea',NULL),
(67,'Estonia',NULL),
(68,'Ethiopia',NULL),
(69,'Falkland Islands (Malvinas)',NULL),
(70,'Faroe Islands',NULL),
(71,'Fiji',NULL),
(72,'Finland',NULL),
(74,'France, Metropolitan',NULL),
(75,'French Guiana',NULL),
(76,'French Polynesia',NULL),
(77,'French Southern Territories',NULL),
(78,'Gabon',NULL),
(79,'Gambia',NULL),
(80,'Georgia',NULL),
(81,'Germany',NULL),
(82,'Ghana',NULL),
(83,'Gibraltar',NULL),
(84,'Greece',NULL),
(85,'Greenland',NULL),
(86,'Grenada',NULL),
(87,'Guadeloupe',NULL),
(88,'Guam',NULL),
(89,'Guatemala',NULL),
(90,'Guinea',NULL),
(91,'Guinea-Bissau',NULL),
(92,'Guyana',NULL),
(93,'Haiti',NULL),
(94,'Heard and Mc Donald Islands',NULL),
(95,'Honduras',NULL),
(96,'Hong Kong',NULL),
(97,'Hungary',NULL),
(98,'Iceland',NULL),
(99,'India',NULL),
(100,'Indonesia',NULL),
(101,'Iran (Islamic Republic of)',NULL),
(102,'Iraq',NULL),
(103,'Ireland',NULL),
(104,'Israel',NULL),
(105,'Italy',NULL),
(106,'Jamaica',NULL),
(107,'Japan',NULL),
(108,'Jordan',NULL),
(109,'Kazakhstan',NULL),
(110,'Kenya',NULL),
(111,'Kiribati',NULL),
(112,'North Korea',NULL),
(113,'Korea, Republic of',NULL),
(114,'Kuwait',NULL),
(115,'Kyrgyzstan',NULL),
(116,'Lao People\'s Democratic Republic',NULL),
(117,'Latvia',NULL),
(118,'Lebanon',NULL),
(119,'Lesotho',NULL),
(120,'Liberia',NULL),
(121,'Libyan Arab Jamahiriya',NULL),
(122,'Liechtenstein',NULL),
(123,'Lithuania',NULL),
(124,'Luxembourg',NULL),
(125,'Macau',NULL),
(126,'FYROM',NULL),
(127,'Madagascar',NULL),
(128,'Malawi',NULL),
(129,'Malaysia',NULL),
(130,'Maldives',NULL),
(131,'Mali',NULL),
(132,'Malta',NULL),
(133,'Marshall Islands',NULL),
(134,'Martinique',NULL),
(135,'Mauritania',NULL),
(136,'Mauritius',NULL),
(137,'Mayotte',NULL),
(138,'Mexico',NULL),
(139,'Micronesia, Federated States of',NULL),
(140,'Moldova, Republic of',NULL),
(141,'Monaco',NULL),
(142,'Mongolia',NULL),
(143,'Montserrat',NULL),
(144,'Morocco',NULL),
(145,'Mozambique',NULL),
(146,'Myanmar',NULL),
(147,'Namibia',NULL),
(148,'Nauru',NULL),
(149,'Nepal',NULL),
(150,'Netherlands',NULL),
(151,'Netherlands Antilles',NULL),
(152,'New Caledonia',NULL),
(153,'New Zealand',NULL),
(154,'Nicaragua',NULL),
(155,'Niger',NULL),
(156,'Nigeria',NULL),
(157,'Niue',NULL),
(158,'Norfolk Island',NULL),
(159,'Northern Mariana Islands',NULL),
(160,'Norway',NULL),
(161,'Oman',NULL),
(162,'Pakistan',NULL),
(163,'Palau',NULL),
(164,'Panama',NULL),
(165,'Papua New Guinea',NULL),
(166,'Paraguay',NULL),
(167,'Peru',NULL),
(168,'Philippines',NULL),
(169,'Pitcairn',NULL),
(170,'Poland',NULL),
(171,'Portugal',NULL),
(172,'Puerto Rico',NULL),
(173,'Qatar',NULL),
(174,'Reunion',NULL),
(175,'Romania',NULL),
(176,'Russian Federation',NULL),
(177,'Rwanda',NULL),
(178,'Saint Kitts and Nevis',NULL),
(179,'Saint Lucia',NULL),
(180,'Saint Vincent and the Grenadines',NULL),
(181,'Samoa',NULL),
(182,'San Marino',NULL),
(183,'Sao Tome and Principe',NULL),
(184,'Saudi Arabia',NULL),
(185,'Senegal',NULL),
(186,'Seychelles',NULL),
(187,'Sierra Leone',NULL),
(188,'Singapore',NULL),
(189,'Slovak Republic',NULL),
(190,'Slovenia',NULL),
(191,'Solomon Islands',NULL),
(192,'Somalia',NULL),
(193,'South Africa',NULL),
(194,'South Georgia &amp; South Sandwich Islands',NULL),
(195,'Spain',NULL),
(196,'Sri Lanka',NULL),
(197,'St. Helena',NULL),
(198,'St. Pierre and Miquelon',NULL),
(199,'Sudan',NULL),
(200,'Suriname',NULL),
(201,'Svalbard and Jan Mayen Islands',NULL),
(202,'Swaziland',NULL),
(203,'Sweden',NULL),
(204,'Switzerland',NULL),
(205,'Syrian Arab Republic',NULL),
(206,'Taiwan',NULL),
(207,'Tajikistan',NULL),
(208,'Tanzania, United Republic of',NULL),
(209,'Thailand',NULL),
(210,'Togo',NULL),
(211,'Tokelau',NULL),
(212,'Tonga',NULL),
(213,'Trinidad and Tobago',NULL),
(214,'Tunisia',NULL),
(215,'Turkey',NULL),
(216,'Turkmenistan',NULL),
(217,'Turks and Caicos Islands',NULL),
(218,'Tuvalu',NULL),
(219,'Uganda',NULL),
(220,'Ukraine',NULL),
(221,'United Arab Emirates',NULL),
(222,'United Kingdom',NULL),
(223,'United States',13.0000),
(224,'United States Minor Outlying Islands',NULL),
(225,'Uruguay',NULL),
(226,'Uzbekistan',NULL),
(227,'Vanuatu',NULL),
(228,'Vatican City State (Holy See)',NULL),
(229,'Venezuela',NULL),
(230,'Viet Nam',NULL),
(231,'Virgin Islands (British)',NULL),
(232,'Virgin Islands (U.S.)',NULL),
(233,'Wallis and Futuna Islands',NULL),
(234,'Western Sahara',NULL),
(235,'Yemen',NULL),
(237,'Democratic Republic of Congo',NULL),
(238,'Zambia',NULL),
(239,'Zimbabwe',NULL),
(242,'Montenegro',NULL),
(243,'Serbia',NULL),
(244,'Aaland Islands',NULL),
(245,'Bonaire, Sint Eustatius and Saba',NULL),
(246,'Curacao',NULL),
(247,'Palestinian Territory, Occupied',NULL),
(248,'South Sudan',NULL),
(249,'St. Barthelemy',NULL),
(250,'St. Martin (French part)',NULL),
(251,'Canary Islands',NULL),
(252,'Ascension Island (British)',NULL),
(253,'Kosovo, Republic of',NULL),
(254,'Isle of Man',NULL),
(255,'Tristan da Cunha',NULL),
(256,'Guernsey',NULL),
(257,'Jersey',NULL);

/*Table structure for table `country_shipping` */

DROP TABLE IF EXISTS `country_shipping`;

CREATE TABLE `country_shipping` (
  `country_shipping_id` int(10) NOT NULL AUTO_INCREMENT,
  `country_id` int(10) DEFAULT NULL,
  `setting_shipping_id` int(10) DEFAULT NULL,
  `price` int(10) DEFAULT '0',
  PRIMARY KEY (`country_shipping_id`)
) ENGINE=InnoDB AUTO_INCREMENT=13 DEFAULT CHARSET=latin1;

/*Data for the table `country_shipping` */

insert  into `country_shipping`(`country_shipping_id`,`country_id`,`setting_shipping_id`,`price`) values 
(1,1,16,50),
(2,1,24,30),
(3,1,25,35),
(4,2,16,30),
(5,2,24,30),
(6,2,25,30),
(7,3,16,10),
(8,3,24,12),
(9,3,25,11),
(10,4,16,15),
(11,4,24,12),
(12,4,25,13);

/*Table structure for table `customer` */

DROP TABLE IF EXISTS `customer`;

CREATE TABLE `customer` (
  `customer_id` int(11) NOT NULL AUTO_INCREMENT,
  `firstname` varchar(32) NOT NULL,
  `lastname` varchar(32) NOT NULL,
  `email` varchar(96) NOT NULL,
  `telephone` varchar(32) NOT NULL,
  `fax` varchar(32) NOT NULL,
  `company` varchar(255) NOT NULL,
  `address_1` varchar(255) NOT NULL,
  `address_2` varchar(255) NOT NULL,
  `city` varchar(32) NOT NULL,
  `postcode` varchar(10) NOT NULL,
  `country_id` int(11) NOT NULL,
  `zone_id` int(11) NOT NULL,
  `password` varchar(255) NOT NULL,
  `cart` text,
  `wishlist` text,
  `newsletter` tinyint(1) NOT NULL DEFAULT '0',
  `ip` varchar(40) NOT NULL,
  `status` tinyint(1) NOT NULL,
  `approved` tinyint(1) NOT NULL,
  `date_added` datetime NOT NULL,
  `date_modified` datetime NOT NULL,
  PRIMARY KEY (`customer_id`)
) ENGINE=MyISAM AUTO_INCREMENT=7 DEFAULT CHARSET=utf8;

/*Data for the table `customer` */

insert  into `customer`(`customer_id`,`firstname`,`lastname`,`email`,`telephone`,`fax`,`company`,`address_1`,`address_2`,`city`,`postcode`,`country_id`,`zone_id`,`password`,`cart`,`wishlist`,`newsletter`,`ip`,`status`,`approved`,`date_added`,`date_modified`) values 
(1,'Fahmil','Arief','fahmil.arief26@gmail.com','08123456789','','designcub3','rasuna said','','jakarta','12940',100,1513,'$2a$07$padajodadhaihiw1oihlkekjPDuerVNhMbstm1MqcllpzN5E2ApSi','[{\"product_id\":1,\"quantity\":2}]',NULL,1,'::1',1,1,'2015-08-10 09:48:19','2015-08-27 10:16:03'),
(2,'Tester 1','Customer 1','customer1@gmail.com','08123456789','','','Jl. HR. Rasuna Said','','Jakarta','12940',100,1513,'$2a$07$padajodadhaihiw1oihlkeFvtAt3e/Jhpci4osG0LUIlW3NsY8qOe',NULL,NULL,1,'::1',1,1,'2015-08-26 14:05:10','0000-00-00 00:00:00'),
(4,'Demo','Designcub3','demo@designcub3.com','08123456789','','','Jl. HR. Rasuna Said','','Jakarta Selatan','12940',100,1513,'$2a$07$padajodadhaihiw1oihlkeFvtAt3e/Jhpci4osG0LUIlW3NsY8qOe','[]',NULL,0,'::1',1,1,'2015-09-22 08:19:26','0000-00-00 00:00:00'),
(5,'Fatih','Inra','fatih@designcub3.com','081318397192','138921','asd','asd','asd','asd','123213',100,1513,'$2a$07$padajodadhaihiw1oihlkeYW2II2rbIoXjQsmuBEi8HS6hat/SYrG','[]',NULL,0,'::1',1,1,'2018-02-09 10:42:26','0000-00-00 00:00:00'),
(6,'davit','hermansyah','davithermansyah37@gmail.com','0831-7282-9536','','indonesia','lubuk aman rt 06','','lubuk linggau','31614',100,1523,'$2a$07$padajodadhaihiw1oihlkeIuDtWAJ1O17R20r.61zAAVeXlCmbNyW','[{\"product_id\":23,\"quantity\":2,\"option\":null},{\"product_id\":41,\"quantity\":1,\"option\":null}]',NULL,0,'::1',1,1,'2019-05-08 04:42:57','0000-00-00 00:00:00');

/*Table structure for table `customer_transaction` */

DROP TABLE IF EXISTS `customer_transaction`;

CREATE TABLE `customer_transaction` (
  `customer_transaction_id` int(11) NOT NULL AUTO_INCREMENT,
  `customer_id` varchar(255) DEFAULT NULL,
  `order_id` int(11) NOT NULL,
  `description` text NOT NULL,
  `amount` decimal(15,4) NOT NULL,
  `date_added` datetime NOT NULL,
  `description_shipping` text,
  `description_payment` text,
  PRIMARY KEY (`customer_transaction_id`)
) ENGINE=MyISAM AUTO_INCREMENT=4 DEFAULT CHARSET=utf8;

/*Data for the table `customer_transaction` */

insert  into `customer_transaction`(`customer_transaction_id`,`customer_id`,`order_id`,`description`,`amount`,`date_added`,`description_shipping`,`description_payment`) values 
(1,'5',89,'',0.0000,'0000-00-00 00:00:00',NULL,NULL),
(2,'0',93,'',0.0000,'0000-00-00 00:00:00',NULL,NULL),
(3,'guess',94,'',0.0000,'0000-00-00 00:00:00',NULL,NULL);

/*Table structure for table `option` */

DROP TABLE IF EXISTS `option`;

CREATE TABLE `option` (
  `option_id` int(11) NOT NULL AUTO_INCREMENT,
  `type` varchar(10) NOT NULL,
  PRIMARY KEY (`option_id`)
) ENGINE=InnoDB AUTO_INCREMENT=4 DEFAULT CHARSET=latin1;

/*Data for the table `option` */

insert  into `option`(`option_id`,`type`) values 
(1,'select'),
(2,'radio'),
(3,'checkbox');

/*Table structure for table `order` */

DROP TABLE IF EXISTS `order`;

CREATE TABLE `order` (
  `order_id` int(11) NOT NULL AUTO_INCREMENT,
  `invoice` varchar(26) NOT NULL,
  `customer_id` int(11) NOT NULL DEFAULT '0',
  `shipping_country_id` int(11) DEFAULT NULL,
  `firstname` varchar(32) NOT NULL,
  `lastname` varchar(32) NOT NULL,
  `email` varchar(96) NOT NULL,
  `telephone` varchar(32) NOT NULL,
  `fax` varchar(32) NOT NULL,
  `company` varchar(40) NOT NULL,
  `address_1` varchar(128) NOT NULL,
  `address_2` varchar(128) NOT NULL,
  `city` varchar(128) NOT NULL,
  `postcode` varchar(10) NOT NULL,
  `country_id` int(11) NOT NULL,
  `zone_id` int(11) NOT NULL,
  `shipping_method` varchar(128) NOT NULL,
  `shipping_comment` text NOT NULL,
  `payment_method` varchar(128) NOT NULL,
  `payment_comment` text NOT NULL,
  `total` decimal(15,4) NOT NULL DEFAULT '0.0000',
  `order_status` varchar(32) NOT NULL DEFAULT 'Pending',
  `ip` varchar(40) NOT NULL,
  `user_agent` varchar(255) NOT NULL,
  `accept_language` varchar(255) NOT NULL,
  `date_added` datetime NOT NULL,
  `date_modified` datetime NOT NULL,
  `review_slug` varchar(255) DEFAULT NULL,
  `review_status` varchar(255) DEFAULT NULL,
  PRIMARY KEY (`order_id`)
) ENGINE=MyISAM AUTO_INCREMENT=196 DEFAULT CHARSET=utf8;

/*Data for the table `order` */

insert  into `order`(`order_id`,`invoice`,`customer_id`,`shipping_country_id`,`firstname`,`lastname`,`email`,`telephone`,`fax`,`company`,`address_1`,`address_2`,`city`,`postcode`,`country_id`,`zone_id`,`shipping_method`,`shipping_comment`,`payment_method`,`payment_comment`,`total`,`order_status`,`ip`,`user_agent`,`accept_language`,`date_added`,`date_modified`,`review_slug`,`review_status`) values 
(67,'INV-2018-11',5,NULL,'Fatih','Inra','fatih@designcub3.com','081318397192','138921','asd','asd','asd','asd','123213',100,1513,'REGISTERED POST','','Paypal','asdsads',430.9900,'Pending','::1','Chrome 64.0.3282.186','Mozilla/5.0 (Windows NT 6.3; Win64; x64) AppleWebKit/537.36 (KHTML, like Gecko) Chrome/64.0.3282.186 Safari/537.36','2018-02-28 05:14:39','2018-02-28 05:14:39',NULL,NULL),
(66,'INV-2018-10',5,NULL,'Fatih','Inra','fatih@designcub3.com','081318397192','138921','asd','asd','asd','asd','123213',100,1513,'REGISTERED POST','','Paypal','asdsads',430.9900,'Processing','::1','Chrome 64.0.3282.186','Mozilla/5.0 (Windows NT 6.3; Win64; x64) AppleWebKit/537.36 (KHTML, like Gecko) Chrome/64.0.3282.186 Safari/537.36','2018-02-28 05:11:51','2018-02-28 05:11:51',NULL,NULL),
(65,'INV-2018-9',5,NULL,'Fatih','Inra','fatih@designcub3.com','081318397192','138921','asd','asd','asd','asd','123213',100,1513,'REGISTERED POST','','Paypal','asdsads',430.9900,'Processing','::1','Chrome 64.0.3282.186','Mozilla/5.0 (Windows NT 6.3; Win64; x64) AppleWebKit/537.36 (KHTML, like Gecko) Chrome/64.0.3282.186 Safari/537.36','2018-02-28 05:09:37','2018-02-28 05:09:37',NULL,NULL),
(64,'INV-2018-8',5,NULL,'Fatih','Inra','fatih@designcub3.com','081318397192','138921','asd','asd','asd','asd','123213',100,1513,'REGISTERED POST','','Paypal','asdsads',430.9900,'Processing','::1','Chrome 64.0.3282.186','Mozilla/5.0 (Windows NT 6.3; Win64; x64) AppleWebKit/537.36 (KHTML, like Gecko) Chrome/64.0.3282.186 Safari/537.36','2018-02-28 05:04:43','2018-02-28 05:04:43',NULL,NULL),
(63,'INV-2018-7',5,NULL,'Fatih','Inra','fatih@designcub3.com','081318397192','138921','asd','asd','asd','asd','123213',100,1513,'REGISTERED POST','','Paypal','asdsads',430.9900,'Processing','::1','Chrome 64.0.3282.186','Mozilla/5.0 (Windows NT 6.3; Win64; x64) AppleWebKit/537.36 (KHTML, like Gecko) Chrome/64.0.3282.186 Safari/537.36','2018-02-28 05:03:36','2018-02-28 05:03:36',NULL,NULL),
(62,'INV-2018-6',5,NULL,'Fatih','Inra','fatih@designcub3.com','081318397192','138921','asd','asd','asd','asd','123213',100,1513,'REGISTERED POST','','Paypal','asdsads',430.9900,'Processing','::1','Chrome 64.0.3282.186','Mozilla/5.0 (Windows NT 6.3; Win64; x64) AppleWebKit/537.36 (KHTML, like Gecko) Chrome/64.0.3282.186 Safari/537.36','2018-02-28 05:02:41','2018-02-28 05:02:41',NULL,NULL),
(61,'INV-2018-5',5,NULL,'Fatih','Inra','fatih@designcub3.com','081318397192','138921','asd','asd','asd','asd','123213',100,1513,'REGISTERED POST','','Paypal','asdsads',430.9900,'Processing','::1','Chrome 64.0.3282.186','Mozilla/5.0 (Windows NT 6.3; Win64; x64) AppleWebKit/537.36 (KHTML, like Gecko) Chrome/64.0.3282.186 Safari/537.36','2018-02-28 04:59:23','2018-02-28 04:59:23',NULL,NULL),
(60,'INV-2018-4',5,NULL,'Fatih','Inra','fatih@designcub3.com','081318397192','138921','asd','asd','asd','asd','123213',100,1513,'REGISTERED POST','','Paypal','asdsad',555.9800,'Processing','::1','Chrome 64.0.3282.186','Mozilla/5.0 (Windows NT 6.3; Win64; x64) AppleWebKit/537.36 (KHTML, like Gecko) Chrome/64.0.3282.186 Safari/537.36','2018-02-27 11:44:38','2018-02-27 11:44:38',NULL,NULL),
(59,'INV-2018-3',5,NULL,'Fatih','Inra','fatih@designcub3.com','081318397192','138921','asd','asd','asd','asd','123213',100,1513,'REGISTERED POST','','Paypal','asdsad',242.0000,'Processing','::1','Chrome 64.0.3282.186','Mozilla/5.0 (Windows NT 6.3; Win64; x64) AppleWebKit/537.36 (KHTML, like Gecko) Chrome/64.0.3282.186 Safari/537.36','2018-02-27 11:41:43','2018-02-27 11:41:43',NULL,NULL),
(57,'INV-2018-1',5,NULL,'Fatih','Inra','fatih@designcub3.com','081318397192','138921','asd','asd','asd','asd','123213',100,1513,'REGISTERED POST','','Paypal','asd',368.9900,'Processing','::1','Chrome 63.0.3239.132','Mozilla/5.0 (Windows NT 6.3; Win64; x64) AppleWebKit/537.36 (KHTML, like Gecko) Chrome/63.0.3239.132 Safari/537.36','2018-02-21 11:35:41','2018-02-21 11:35:41',NULL,NULL),
(58,'INV-2018-2',5,NULL,'Fatih','Inra','fatih@designcub3.com','081318397192','138921','asd','asd','asd','asd','123213',100,1513,'REGISTERED POST','','Paypal','asdsad',430.9900,'Processing','::1','Chrome 63.0.3239.132','Mozilla/5.0 (Windows NT 6.3; Win64; x64) AppleWebKit/537.36 (KHTML, like Gecko) Chrome/63.0.3239.132 Safari/537.36','2018-02-21 11:43:25','2018-02-21 11:43:25',NULL,NULL),
(68,'INV-2018-12',5,1,'Fatih','Inra','fatih@designcub3.com','081318397192','138921','asd','asd','asd','asd','123213',100,1513,'REGISTERED POST','','Paypal','asdsads',244.9900,'Processing','::1','Chrome 64.0.3282.186','Mozilla/5.0 (Windows NT 6.3; Win64; x64) AppleWebKit/537.36 (KHTML, like Gecko) Chrome/64.0.3282.186 Safari/537.36','2018-02-28 12:49:58','2018-02-28 12:49:58',NULL,NULL),
(69,'INV-2018-13',5,1,'Fatih','Inra','fatih@designcub3.com','081318397192','138921','asd','asd','asd','asd','123213',100,1513,'REGISTERED POST','','','',440.0000,'Pending','::1','Chrome 64.0.3282.186','Mozilla/5.0 (Windows NT 6.3; Win64; x64) AppleWebKit/537.36 (KHTML, like Gecko) Chrome/64.0.3282.186 Safari/537.36','2018-03-01 05:44:32','2018-03-01 05:44:32',NULL,NULL),
(70,'INV-2018-14',5,1,'Fatih','Inra','fatih@designcub3.com','081318397192','138921','asd','asd','asd','asd','123213',100,1513,'REGISTERED POST','','Paypal','asdsad',440.0000,'Processing','::1','Chrome 64.0.3282.186','Mozilla/5.0 (Windows NT 6.3; Win64; x64) AppleWebKit/537.36 (KHTML, like Gecko) Chrome/64.0.3282.186 Safari/537.36','2018-03-01 05:44:59','2018-03-01 05:44:59',NULL,NULL),
(71,'INV-2018-15',5,1,'Fatih','Inra','fatih@designcub3.com','081318397192','138921','asd','asd','asd','asd','123213',100,1513,'REGISTERED POST','','Paypal','asdsad',440.0000,'Processing','::1','Chrome 64.0.3282.186','Mozilla/5.0 (Windows NT 6.3; Win64; x64) AppleWebKit/537.36 (KHTML, like Gecko) Chrome/64.0.3282.186 Safari/537.36','2018-03-01 05:46:11','2018-03-01 05:46:11',NULL,NULL),
(72,'INV-2018-16',5,1,'Fatih','Inra','fatih@designcub3.com','081318397192','138921','asd','asd','asd','asd','123213',100,1513,'REGISTERED POST','','Paypal','asdsad',440.0000,'Processing','::1','Chrome 64.0.3282.186','Mozilla/5.0 (Windows NT 6.3; Win64; x64) AppleWebKit/537.36 (KHTML, like Gecko) Chrome/64.0.3282.186 Safari/537.36','2018-03-01 05:46:38','2018-03-01 05:46:38',NULL,NULL),
(73,'INV-2018-17',5,1,'Fatih','Inra','fatih@designcub3.com','081318397192','138921','asd','asd','asd','asd','123213',100,1513,'REGISTERED POST','','Paypal','asdsad',440.0000,'Processing','::1','Chrome 64.0.3282.186','Mozilla/5.0 (Windows NT 6.3; Win64; x64) AppleWebKit/537.36 (KHTML, like Gecko) Chrome/64.0.3282.186 Safari/537.36','2018-03-01 05:47:28','2018-03-01 05:47:28',NULL,NULL),
(74,'INV-2018-18',5,1,'Fatih','Inra','fatih@designcub3.com','081318397192','138921','asd','asd','asd','asd','123213',100,1513,'REGISTERED POST','','Paypal','asdsad',440.0000,'Processing','::1','Chrome 64.0.3282.186','Mozilla/5.0 (Windows NT 6.3; Win64; x64) AppleWebKit/537.36 (KHTML, like Gecko) Chrome/64.0.3282.186 Safari/537.36','2018-03-01 05:58:15','2018-03-01 05:58:15',NULL,NULL),
(75,'INV-2018-19',5,1,'Fatih','Inra','fatih@designcub3.com','081318397192','138921','asd','asd','asd','asd','123213',100,1513,'REGISTERED POST','','Paypal','asdsad',628.9900,'Processing','::1','Chrome 64.0.3282.186','Mozilla/5.0 (Windows NT 6.3; Win64; x64) AppleWebKit/537.36 (KHTML, like Gecko) Chrome/64.0.3282.186 Safari/537.36','2018-03-01 06:02:48','2018-03-01 06:02:48',NULL,NULL),
(76,'INV-2018-20',5,1,'Fatih','Inra','fatih@designcub3.com','081318397192','138921','asd','asd','asd','asd','123213',100,1513,'REGISTERED POST','','Paypal','comment 1',628.9900,'Processing','::1','Chrome 64.0.3282.186','Mozilla/5.0 (Windows NT 6.3; Win64; x64) AppleWebKit/537.36 (KHTML, like Gecko) Chrome/64.0.3282.186 Safari/537.36','2018-03-05 11:26:31','2018-03-05 11:26:31',NULL,NULL),
(77,'INV-2018-21',5,1,'Fatih','Inra','fatih@designcub3.com','081318397192','138921','asd','asd','asd','asd','123213',100,1513,'REGISTERED POST','','','',628.9900,'Pending','::1','Chrome 64.0.3282.186','Mozilla/5.0 (Windows NT 6.3; Win64; x64) AppleWebKit/537.36 (KHTML, like Gecko) Chrome/64.0.3282.186 Safari/537.36','2018-03-07 08:36:43','2018-03-07 08:36:43',NULL,NULL),
(78,'INV-2018-22',5,1,'Fatih','Inra','fatih@designcub3.com','081318397192','138921','asd','asd','asd','asd','123213',100,1513,'REGISTERED POST','','Paypal','asd',628.9900,'Processing','::1','Chrome 64.0.3282.186','Mozilla/5.0 (Windows NT 6.3; Win64; x64) AppleWebKit/537.36 (KHTML, like Gecko) Chrome/64.0.3282.186 Safari/537.36','2018-03-07 08:39:17','2018-03-07 08:39:17',NULL,NULL),
(79,'INV-2018-23',5,1,'Fatih','Inra','fatih@designcub3.com','081318397192','138921','asd','asd','asd','asd','123213',100,1513,'REGISTERED POST','','','',628.9900,'Pending','::1','Chrome 64.0.3282.186','Mozilla/5.0 (Windows NT 6.3; Win64; x64) AppleWebKit/537.36 (KHTML, like Gecko) Chrome/64.0.3282.186 Safari/537.36','2018-03-13 09:30:44','2018-03-13 09:30:44',NULL,NULL),
(80,'INV-2018-24',5,1,'Fatih','Inra','fatih@designcub3.com','081318397192','138921','asd','asd','asd','asd','123213',100,1513,'REGISTERED POST','','','',628.9900,'Pending','::1','Chrome 64.0.3282.186','Mozilla/5.0 (Windows NT 6.3; Win64; x64) AppleWebKit/537.36 (KHTML, like Gecko) Chrome/64.0.3282.186 Safari/537.36','2018-03-13 09:59:12','2018-03-13 09:59:12',NULL,NULL),
(81,'INV-2018-25',5,1,'Fatih','Inra','fatih@designcub3.com','081318397192','138921','asd','asd','asd','asd','123213',100,1513,'REGISTERED POST','','Paypal','asd',628.9900,'Processing','::1','Chrome 64.0.3282.186','Mozilla/5.0 (Windows NT 6.3; Win64; x64) AppleWebKit/537.36 (KHTML, like Gecko) Chrome/64.0.3282.186 Safari/537.36','2018-03-13 10:58:53','2018-03-13 10:58:53',NULL,NULL),
(82,'INV-2018-26',5,0,'Fatih','Inra','fatih@designcub3.com','081318397192','138921','asd','asd','asd','asd','123213',100,1513,'REGISTERED POST','','','',628.9900,'Pending','::1','Chrome 64.0.3282.186','Mozilla/5.0 (Windows NT 6.3; Win64; x64) AppleWebKit/537.36 (KHTML, like Gecko) Chrome/64.0.3282.186 Safari/537.36','2018-03-13 11:44:41','2018-03-13 11:44:41',NULL,NULL),
(83,'INV-2018-27',5,1,'Fatih','Inra','fatih@designcub3.com','081318397192','138921','asd','asd','asd','asd','123213',100,1513,'REGISTERED POST','asd','Paypal','asd',628.9900,'Processing','::1','Chrome 65.0.3325.181','Mozilla/5.0 (Windows NT 6.3; Win64; x64) AppleWebKit/537.36 (KHTML, like Gecko) Chrome/65.0.3325.181 Safari/537.36','2018-04-29 18:13:29','2018-04-29 18:13:29',NULL,NULL),
(84,'INV-2018-28',5,1,'Fatih','Inra','fatih@designcub3.com','081318397192','138921','asd','asd','asd','asd','123213',100,1513,'REGISTERED POST','asd','Paypal','asd',628.9900,'Processing','::1','Chrome 65.0.3325.181','Mozilla/5.0 (Windows NT 6.3; Win64; x64) AppleWebKit/537.36 (KHTML, like Gecko) Chrome/65.0.3325.181 Safari/537.36','2018-04-29 18:42:53','2018-04-29 18:42:53',NULL,NULL),
(85,'INV-2018-29',5,1,'Fatih','Inra','fatih@designcub3.com','081318397192','138921','asd','asd','asd','asd','123213',100,1513,'REGISTERED POST','asd','Paypal','asd',628.9900,'Processing','::1','Chrome 65.0.3325.181','Mozilla/5.0 (Windows NT 6.3; Win64; x64) AppleWebKit/537.36 (KHTML, like Gecko) Chrome/65.0.3325.181 Safari/537.36','2018-04-29 19:10:47','2018-04-29 19:10:47',NULL,NULL),
(86,'INV-2018-30',5,1,'Fatih','Inra','fatih@designcub3.com','081318397192','138921','asd','asd','asd','asd','123213',100,1513,'REGISTERED POST','asd','Paypal','asd',628.9900,'Completed','::1','Chrome 65.0.3325.181','Mozilla/5.0 (Windows NT 6.3; Win64; x64) AppleWebKit/537.36 (KHTML, like Gecko) Chrome/65.0.3325.181 Safari/537.36','2018-04-29 19:17:55','2018-04-29 19:17:55',NULL,NULL),
(87,'INV-2018-31',5,1,'Fatih','Inra','fatih@designcub3.com','081318397192','138921','asd','asd','asd','asd','123213',100,1513,'REGISTERED POST','asd','Paypal','asd',628.9900,'Completed','::1','Chrome 65.0.3325.181','Mozilla/5.0 (Windows NT 6.3; Win64; x64) AppleWebKit/537.36 (KHTML, like Gecko) Chrome/65.0.3325.181 Safari/537.36','2018-04-29 19:19:45','2018-04-29 19:19:45',NULL,NULL),
(88,'INV-2018-32',5,1,'Fatih','Inra','fatih@designcub3.com','081318397192','138921','asd','asd','asd','asd','123213',100,1513,'REGISTERED POST','asd','Paypal','asd',628.9900,'Completed','::1','Chrome 65.0.3325.181','Mozilla/5.0 (Windows NT 6.3; Win64; x64) AppleWebKit/537.36 (KHTML, like Gecko) Chrome/65.0.3325.181 Safari/537.36','2018-04-29 19:22:44','2018-04-29 19:22:44',NULL,NULL),
(89,'INV-2018-33',5,1,'Fatih','Inra','fatih@designcub3.com','081318397192','138921','asd','asd','asd','asd','123213',100,1513,'REGISTERED POST','asd','Paypal','asd',628.9900,'Completed','::1','Chrome 65.0.3325.181','Mozilla/5.0 (Windows NT 6.3; Win64; x64) AppleWebKit/537.36 (KHTML, like Gecko) Chrome/65.0.3325.181 Safari/537.36','2018-04-29 19:24:27','2018-04-29 19:24:27',NULL,NULL),
(90,'INV-2018-34',5,1,'Fatih','Inra','fatih@designcub3.com','081318397192','138921','asd','asd','asd','asd','123213',100,1513,'REGISTERED POST','','','',440.0000,'Pending','::1','Chrome 67.0.3396.99','Mozilla/5.0 (Windows NT 6.3; Win64; x64) AppleWebKit/537.36 (KHTML, like Gecko) Chrome/67.0.3396.99 Safari/537.36','2018-08-27 06:45:16','2018-08-27 06:45:16',NULL,NULL),
(91,'INV-2018-35',5,1,'Fatih','Inra','fatih@designcub3.com','081318397192','138921','asd','asd','asd','asd','123213',100,1513,'REGISTERED POST','','','',440.0000,'Pending','::1','Chrome 67.0.3396.99','Mozilla/5.0 (Windows NT 6.3; Win64; x64) AppleWebKit/537.36 (KHTML, like Gecko) Chrome/67.0.3396.99 Safari/537.36','2018-08-27 06:48:40','2018-08-27 06:48:40',NULL,NULL),
(92,'INV-2018-36',0,1,'Fatih IJ','FIJ','cyberpreneurship12@gmail.com','081313982','91823098203','92801321','3201380912389','38920380912','382013','11620',100,1509,'REGISTERED POST','','Paypal','asdasdsad',0.0000,'Processing','::1','Chrome 67.0.3396.99','Mozilla/5.0 (Windows NT 6.3; Win64; x64) AppleWebKit/537.36 (KHTML, like Gecko) Chrome/67.0.3396.99 Safari/537.36','2018-08-27 07:55:05','2018-08-27 07:55:05',NULL,NULL),
(93,'INV-2018-37',0,1,'Fatih','Jaya','fatih@designcub3.com','9183012','1183291','12938012','dsadsal;dk','kdlsakd;lsa','dklsakd;sa','15141',100,1508,'REGISTERED POST','','Paypal','asdasdsad',0.0000,'Completed','::1','Chrome 67.0.3396.99','Mozilla/5.0 (Windows NT 6.3; Win64; x64) AppleWebKit/537.36 (KHTML, like Gecko) Chrome/67.0.3396.99 Safari/537.36','2018-08-27 07:59:46','2018-08-27 07:59:46',NULL,NULL),
(94,'INV-2018-38',0,1,'Fatih','Inra','fatih@designcub3.com','9180321','839201839012','3291309','3820983012','38201830912','8329138012','11620',100,1507,'REGISTERED POST','','Paypal','',0.0000,'Completed','::1','Chrome 67.0.3396.99','Mozilla/5.0 (Windows NT 6.3; Win64; x64) AppleWebKit/537.36 (KHTML, like Gecko) Chrome/67.0.3396.99 Safari/537.36','2018-08-27 08:03:54','2018-08-27 08:03:54',NULL,NULL),
(95,'INV-2018-39',0,1,'Fatih','Inra','fatih@designcub3.com','091380912','3829380','329121','dksaldk;as','dkasl;dksl;','dksla;d','11520',100,1511,'REGISTERED POST','','Paypal','',0.0000,'Completed','::1','Chrome 67.0.3396.99','Mozilla/5.0 (Windows NT 6.3; Win64; x64) AppleWebKit/537.36 (KHTML, like Gecko) Chrome/67.0.3396.99 Safari/537.36','2018-08-27 08:05:56','2018-08-27 08:05:56',NULL,NULL),
(96,'INV-2018-40',0,1,'Fatih','Inra','fatih@designcub3.com','19839823','1938093','dksa;dls','dksal;kdsa','dklsakdl;sa','dksal;dksa;','11620',100,1515,'REGISTERED POST','','Paypal','',0.0000,'Completed','::1','Chrome 67.0.3396.99','Mozilla/5.0 (Windows NT 6.3; Win64; x64) AppleWebKit/537.36 (KHTML, like Gecko) Chrome/67.0.3396.99 Safari/537.36','2018-08-27 08:10:55','2018-08-27 08:10:55',NULL,NULL),
(97,'INV-2018-41',0,1,'Fatih','Jaya','fatih@designcub3.com','0813283829','8398193812','kdlsa;kd;s','dslakd;sla','dksal;kd;lsa','Tangerang','15141',100,1518,'REGISTERED POST','','Paypal','',0.0000,'Processing','::1','Chrome 67.0.3396.99','Mozilla/5.0 (Windows NT 6.3; Win64; x64) AppleWebKit/537.36 (KHTML, like Gecko) Chrome/67.0.3396.99 Safari/537.36','2018-08-27 08:14:48','2018-08-27 08:14:48',NULL,NULL),
(98,'INV-2018-42',0,1,'Fatih','Jaya','fatih@designcub3.com','0813283829','8398193812','kdlsa;kd;s','dslakd;sla','dksal;kd;lsa','Tangerang','15141',100,1519,'REGISTERED POST','','Paypal','',0.0000,'Processing','::1','Chrome 67.0.3396.99','Mozilla/5.0 (Windows NT 6.3; Win64; x64) AppleWebKit/537.36 (KHTML, like Gecko) Chrome/67.0.3396.99 Safari/537.36','2018-08-27 08:19:39','2018-08-27 08:19:39',NULL,NULL),
(99,'INV-2018-43',0,1,'Fatih','Jaya','fatih@designcub3.com','0813283829','8398193812','kdlsa;kd;s','dslakd;sla','dksal;kd;lsa','Tangerang','15141',100,1508,'REGISTERED POST','','Paypal','',0.0000,'Processing','::1','Chrome 67.0.3396.99','Mozilla/5.0 (Windows NT 6.3; Win64; x64) AppleWebKit/537.36 (KHTML, like Gecko) Chrome/67.0.3396.99 Safari/537.36','2018-08-27 08:20:58','2018-08-27 08:20:58',NULL,NULL),
(100,'INV-2018-44',0,1,'Fatih','Jaya','fatih@designcub3.com','12309213','3820183012','dksal;kd;sa','jl bambu pagar','perumahan banjar wijaya cluster yunani blok b50A 29','Tangerang','15141',100,1521,'REGISTERED POST','','Paypal','',0.0000,'Processing','::1','Chrome 67.0.3396.99','Mozilla/5.0 (Windows NT 6.3; Win64; x64) AppleWebKit/537.36 (KHTML, like Gecko) Chrome/67.0.3396.99 Safari/537.36','2018-08-27 08:21:50','2018-08-27 08:21:50',NULL,NULL),
(101,'INV-2018-45',0,1,'Fatih','Jaya','fatih@designcub3.com','12312321','123123','asdasd','jl bambu pagar','perumahan banjar wijaya cluster yunani blok b50A 29','Tangerang','15141',100,1518,'REGISTERED POST','','Paypal','',0.0000,'Processing','::1','Chrome 67.0.3396.99','Mozilla/5.0 (Windows NT 6.3; Win64; x64) AppleWebKit/537.36 (KHTML, like Gecko) Chrome/67.0.3396.99 Safari/537.36','2018-08-27 08:24:31','2018-08-27 08:24:31',NULL,NULL),
(102,'INV-2018-46',0,1,'Fatih','Jaya','fatih@designcub3.com','12312321','123123','asdasd','jl bambu pagar','perumahan banjar wijaya cluster yunani blok b50A 29','Tangerang','15141',100,1518,'REGISTERED POST','','Paypal','',0.0000,'Processing','::1','Chrome 67.0.3396.99','Mozilla/5.0 (Windows NT 6.3; Win64; x64) AppleWebKit/537.36 (KHTML, like Gecko) Chrome/67.0.3396.99 Safari/537.36','2018-08-27 08:24:59','2018-08-27 08:24:59',NULL,NULL),
(103,'INV-2018-47',0,1,'Fatih','Jaya','fatih@designcub3.com','12312321','123123','asdasd','jl bambu pagar','perumahan banjar wijaya cluster yunani blok b50A 29','Tangerang','15141',100,1518,'REGISTERED POST','','Paypal','',0.0000,'Processing','::1','Chrome 67.0.3396.99','Mozilla/5.0 (Windows NT 6.3; Win64; x64) AppleWebKit/537.36 (KHTML, like Gecko) Chrome/67.0.3396.99 Safari/537.36','2018-08-27 08:25:12','2018-08-27 08:25:12',NULL,NULL),
(104,'INV-2018-48',0,1,'Fatih','Jaya','fatih@designcub3.com','12312321','123123','asdasd','jl bambu pagar','perumahan banjar wijaya cluster yunani blok b50A 29','Tangerang','15141',100,1518,'REGISTERED POST','','Paypal','',0.0000,'Processing','::1','Chrome 67.0.3396.99','Mozilla/5.0 (Windows NT 6.3; Win64; x64) AppleWebKit/537.36 (KHTML, like Gecko) Chrome/67.0.3396.99 Safari/537.36','2018-08-27 08:25:37','2018-08-27 08:25:37',NULL,NULL),
(105,'INV-2018-49',0,1,'Fatih','Jaya','fatih@designcub3.com','12312321','123123','asdasd','jl bambu pagar','perumahan banjar wijaya cluster yunani blok b50A 29','Tangerang','15141',100,1518,'REGISTERED POST','','Paypal','',440.0000,'Processing','::1','Chrome 67.0.3396.99','Mozilla/5.0 (Windows NT 6.3; Win64; x64) AppleWebKit/537.36 (KHTML, like Gecko) Chrome/67.0.3396.99 Safari/537.36','2018-08-27 08:26:56','2018-08-27 08:26:56',NULL,NULL),
(106,'INV-2018-50',0,1,'Fatih','Jaya','fatih@designcub3.com','12312321','123123','asdasd','jl bambu pagar','perumahan banjar wijaya cluster yunani blok b50A 29','Tangerang','15141',100,1518,'REGISTERED POST','','Paypal','',440.0000,'Completed','::1','Chrome 67.0.3396.99','Mozilla/5.0 (Windows NT 6.3; Win64; x64) AppleWebKit/537.36 (KHTML, like Gecko) Chrome/67.0.3396.99 Safari/537.36','2018-08-27 08:29:44','2018-08-27 08:29:44',NULL,NULL),
(107,'INV-2018-51',0,1,'Fatih','Jaya','fatih@designcub3.com','12312321','123213','dasdsad','jl bambu pagar','perumahan banjar wijaya cluster yunani blok b50A 29','Tangerang','15141',100,1511,'REGISTERED POST','','Paypal','',442.0000,'Completed','::1','Chrome 67.0.3396.99','Mozilla/5.0 (Windows NT 6.3; Win64; x64) AppleWebKit/537.36 (KHTML, like Gecko) Chrome/67.0.3396.99 Safari/537.36','2018-08-27 09:01:36','2018-08-27 09:01:36',NULL,NULL),
(108,'INV-2018-52',5,1,'Fatih','Inra','fatih@designcub3.com','081318397192','138921','asd','asd','asd','asd','123213',100,1513,'REGISTERED POST','','Paypal','',440.0000,'Completed','::1','Chrome 67.0.3396.99','Mozilla/5.0 (Windows NT 6.3; Win64; x64) AppleWebKit/537.36 (KHTML, like Gecko) Chrome/67.0.3396.99 Safari/537.36','2018-08-27 09:03:09','2018-08-27 09:03:09',NULL,NULL),
(109,'INV-2018-53',5,1,'Fatih','Inra','fatih@designcub3.com','081318397192','138921','asd','asd','asd','asd','123213',100,1513,'REGISTERED POST','','Paypal','',441.0000,'Completed','::1','Chrome 67.0.3396.99','Mozilla/5.0 (Windows NT 6.3; Win64; x64) AppleWebKit/537.36 (KHTML, like Gecko) Chrome/67.0.3396.99 Safari/537.36','2018-08-27 09:05:52','2018-08-27 09:05:52',NULL,NULL),
(110,'INV-2018-54',5,0,'Fatih','Inra','fatih@designcub3.com','081318397192','138921','asd','asd','asd','asd','123213',100,1513,'REGISTERED POST','','Paypal','',441.0000,'Complete','::1','Chrome 67.0.3396.99','Mozilla/5.0 (Windows NT 6.3; Win64; x64) AppleWebKit/537.36 (KHTML, like Gecko) Chrome/67.0.3396.99 Safari/537.36','2018-08-27 09:08:44','2018-08-27 09:08:44',NULL,NULL),
(111,'INV-2018-55',0,1,'Fatih','Jaya','fatih@designcub3.com','123213','321312','dsadasd','jl bambu pagar','perumahan banjar wijaya cluster yunani blok b50A 29','Tangerang','15141',100,1511,'REGISTERED POST','','','',441.0000,'Pending','::1','Chrome 67.0.3396.99','Mozilla/5.0 (Windows NT 6.3; Win64; x64) AppleWebKit/537.36 (KHTML, like Gecko) Chrome/67.0.3396.99 Safari/537.36','2018-08-27 09:14:33','2018-08-27 09:14:33',NULL,NULL),
(112,'INV-2018-56',5,1,'Fatih','Inra','fatih@designcub3.com','081318397192','138921','asd','asd','asd','asd','123213',100,1513,'REGISTERED POST','','','',441.0000,'Pending','::1','Chrome 67.0.3396.99','Mozilla/5.0 (Windows NT 6.3; Win64; x64) AppleWebKit/537.36 (KHTML, like Gecko) Chrome/67.0.3396.99 Safari/537.36','2018-08-27 09:16:00','2018-08-27 09:16:00',NULL,NULL),
(113,'INV-2018-57',5,1,'Fatih','Inra','fatih@designcub3.com','081318397192','138921','asd','asd','asd','asd','123213',100,1513,'REGISTERED POST','','Paypal','',244.9900,'Completed','::1','Chrome 67.0.3396.99','Mozilla/5.0 (Windows NT 6.3; Win64; x64) AppleWebKit/537.36 (KHTML, like Gecko) Chrome/67.0.3396.99 Safari/537.36','2018-08-27 10:38:42','2018-08-27 10:38:42','Pending',NULL),
(114,'INV-2018-58',5,1,'Fatih','Inra','fatih@designcub3.com','081318397192','138921','asd','asd','asd','asd','123213',100,1513,'REGISTERED POST','','Paypal','',244.9900,'Completed','::1','Chrome 67.0.3396.99','Mozilla/5.0 (Windows NT 6.3; Win64; x64) AppleWebKit/537.36 (KHTML, like Gecko) Chrome/67.0.3396.99 Safari/537.36','2018-08-27 10:40:59','2018-08-27 10:40:59','pL9MTfUodd^dds{s|J}8AiJ&TmkWPpvlGZIqScgpkd]{hk?)Mif9H/=BcEw@qjvp!*{j^Jll)?7on6HxV','Pending'),
(115,'INV-2018-59',5,1,'Fatih','Inra','fatih@designcub3.com','081318397192','138921','asd','asd','asd','asd','123213',100,1513,'REGISTERED POST','','Paypal','',242.9900,'Completed','::1','Chrome 67.0.3396.99','Mozilla/5.0 (Windows NT 6.3; Win64; x64) AppleWebKit/537.36 (KHTML, like Gecko) Chrome/67.0.3396.99 Safari/537.36','2018-08-27 10:43:41','2018-08-27 10:43:41','omAkUPxo3R8L1ybbDlgZYAzijrey2eKTDgF6VrLmDUwfJq1V0I3OUrlLCwcm0','Pending'),
(116,'INV-2018-60',0,1,'Fatih','Jaya','fatih@designcub3.com','12312312','12321312','dsadsad','jl bambu pagar','perumahan banjar wijaya cluster yunani blok b50A 29','Tangerang','15141',100,1508,'REGISTERED POST','','Paypal','',244.9900,'Processing','::1','Chrome 67.0.3396.99','Mozilla/5.0 (Windows NT 6.3; Win64; x64) AppleWebKit/537.36 (KHTML, like Gecko) Chrome/67.0.3396.99 Safari/537.36','2018-08-27 11:21:37','2018-08-27 11:21:37',NULL,NULL),
(117,'INV-2018-61',0,1,'Fatih','Jaya','fatih@designcub3.com','123123213','1232131','asdsada','jl bambu pagar','perumahan banjar wijaya cluster yunani blok b50A 29','Tangerang','15141',100,1508,'REGISTERED POST','','Paypal','',244.9900,'Processing','::1','Chrome 67.0.3396.99','Mozilla/5.0 (Windows NT 6.3; Win64; x64) AppleWebKit/537.36 (KHTML, like Gecko) Chrome/67.0.3396.99 Safari/537.36','2018-08-27 11:25:21','2018-08-27 11:25:21',NULL,NULL),
(118,'INV-2018-62',0,1,'Fatih','Jaya','fatih@designcub3.com','12312321','dasdsad','asdasdsad','jl bambu pagar','perumahan banjar wijaya cluster yunani blok b50A 29','Tangerang','15141',100,1508,'REGISTERED POST','','Paypal','',245.9900,'Processing','::1','Chrome 67.0.3396.99','Mozilla/5.0 (Windows NT 6.3; Win64; x64) AppleWebKit/537.36 (KHTML, like Gecko) Chrome/67.0.3396.99 Safari/537.36','2018-08-27 11:28:12','2018-08-27 11:28:12',NULL,NULL),
(119,'INV-2018-63',5,1,'Fatih','Inra','fatih@designcub3.com','081318397192','138921','asd','asd','asd','asd','123213',100,1513,'REGISTERED POST','','Paypal','',243.9900,'Processing','182.253.180.101','Chrome 67.0.3396.99','Mozilla/5.0 (Windows NT 6.3; Win64; x64) AppleWebKit/537.36 (KHTML, like Gecko) Chrome/67.0.3396.99 Safari/537.36','2018-08-27 04:54:13','2018-08-27 04:54:13',NULL,NULL),
(120,'INV-2018-64',5,1,'Fatih','Inra','fatih@designcub3.com','081318397192','138921','asd','asd','asd','asd','123213',100,1513,'REGISTERED POST','','Paypal','',244.9900,'Processing','182.253.180.101','Chrome 67.0.3396.99','Mozilla/5.0 (Windows NT 6.3; Win64; x64) AppleWebKit/537.36 (KHTML, like Gecko) Chrome/67.0.3396.99 Safari/537.36','2018-08-27 05:01:59','2018-08-27 05:01:59',NULL,NULL),
(121,'INV-2018-65',5,1,'Fatih','Inra','fatih@designcub3.com','081318397192','138921','asd','asd','asd','asd','123213',100,1513,'REGISTERED POST','','Paypal','',244.9900,'Processing','182.253.180.101','Chrome 67.0.3396.99','Mozilla/5.0 (Windows NT 6.3; Win64; x64) AppleWebKit/537.36 (KHTML, like Gecko) Chrome/67.0.3396.99 Safari/537.36','2018-08-27 05:17:24','2018-08-27 05:17:24',NULL,NULL),
(122,'INV-2018-66',5,1,'Fatih','Inra','fatih@designcub3.com','081318397192','138921','asd','asd','asd','asd','123213',100,1513,'REGISTERED POST','','Paypal','',244.9900,'Completed','182.253.180.101','Chrome 67.0.3396.99','Mozilla/5.0 (Windows NT 6.3; Win64; x64) AppleWebKit/537.36 (KHTML, like Gecko) Chrome/67.0.3396.99 Safari/537.36','2018-08-27 05:21:09','2018-08-27 05:21:09','liJhDGt97OjGGnOGLpbWL6Hb7bdKtrpKtA61Q2T9LzLl5hdhLugtvtHjek8jS','Pending'),
(123,'INV-2018-67',5,1,'Fatih','Inra','fatih@designcub3.com','081318397192','138921','asd','asd','asd','asd','123213',100,1513,'REGISTERED POST','','Paypal','',244.9900,'Processing','182.253.180.101','Chrome 67.0.3396.99','Mozilla/5.0 (Windows NT 6.3; Win64; x64) AppleWebKit/537.36 (KHTML, like Gecko) Chrome/67.0.3396.99 Safari/537.36','2018-08-27 05:32:19','2018-08-27 05:32:19',NULL,NULL),
(124,'INV-2018-68',5,1,'Fatih','Inra','fatih@designcub3.com','081318397192','138921','asd','asd','asd','asd','123213',100,1513,'REGISTERED POST','','Paypal','',244.9900,'Completed','182.253.180.101','Chrome 67.0.3396.99','Mozilla/5.0 (Windows NT 6.3; Win64; x64) AppleWebKit/537.36 (KHTML, like Gecko) Chrome/67.0.3396.99 Safari/537.36','2018-08-27 06:21:13','2018-08-27 06:21:13','THiDEdsmJ7cJ8bRFetAaYNhPmjEThIFKXslDpaczMl45LETix9Z5ZPmlOVL2D','Pending'),
(125,'INV-2018-69',0,1,'Fatih','Jaya','fatih@designcub3.com','12321312','123213','asdsadsa','jl bambu pagar','perumahan banjar wijaya cluster yunani blok b50A 29','Tangerang','15141',100,1516,'REGISTERED POST','','Paypal','',244.9900,'Completed','182.253.180.94','Chrome 67.0.3396.99','Mozilla/5.0 (Windows NT 6.3; Win64; x64) AppleWebKit/537.36 (KHTML, like Gecko) Chrome/67.0.3396.99 Safari/537.36','2018-08-27 22:32:58','2018-08-27 22:32:58','EvgJzIBVax8UTKFqsDVL34Xw0zlmeauGBE4ACnNfH3gyzRvNCX7VQwyyGXLPH','Pending'),
(126,'INV-2018-70',0,1,'tes','tes','fatih@designcub3.com','12312321','123123','asdsad','asdsadas','sdadsad','asdsad','11111',100,1517,'REGISTERED POST','','Paypal','',244.9900,'Processing','182.253.180.94','Chrome 67.0.3396.99','Mozilla/5.0 (Windows NT 6.3; Win64; x64) AppleWebKit/537.36 (KHTML, like Gecko) Chrome/67.0.3396.99 Safari/537.36','2018-08-27 22:37:54','2018-08-27 22:37:54',NULL,NULL),
(127,'INV-2018-71',0,1,'tes1','tes1','fatih@designcub3.com','123','123','123','asdsa','asd','asdsad','11200',100,1510,'REGISTERED POST','','Paypal','',244.9900,'Processing','182.253.180.94','Chrome 67.0.3396.99','Mozilla/5.0 (Windows NT 6.3; Win64; x64) AppleWebKit/537.36 (KHTML, like Gecko) Chrome/67.0.3396.99 Safari/537.36','2018-08-27 22:41:26','2018-08-27 22:41:26',NULL,NULL),
(128,'INV-2018-72',0,1,'tes3','tes3','fatih@designcub3.com','1231322','123213','asdsad','asdasd','asdasd','asdas','11111',100,1515,'REGISTERED POST','','Paypal','',244.9900,'Completed','182.253.180.94','Chrome 67.0.3396.99','Mozilla/5.0 (Windows NT 6.3; Win64; x64) AppleWebKit/537.36 (KHTML, like Gecko) Chrome/67.0.3396.99 Safari/537.36','2018-08-27 22:48:18','2018-08-27 22:48:18','CtU6etr14i9d6BkXlyP1AQkbgVR6b2eqQegPw1pLwdBbORd2eH4Je2mX1vSWC','Pending'),
(129,'INV-2018-73',0,1,'tes4','tes4','fatih@designcub3.com','123123','123213','asdas','asdsad','asdsads','asdad','11111',100,1519,'REGISTERED POST','','Paypal','',241.9900,'Completed','182.253.180.94','Chrome 67.0.3396.99','Mozilla/5.0 (Windows NT 6.3; Win64; x64) AppleWebKit/537.36 (KHTML, like Gecko) Chrome/67.0.3396.99 Safari/537.36','2018-08-27 22:52:56','2018-08-27 22:52:56','vOuZgaCBNZTHI021WZeaA7VG66Xl8cCEtLCzPywE5bJvIpYUSFEgHq9s6CKzc','Pending'),
(130,'INV-2018-74',0,1,'tes5','tes5','fatih@designcub3.com','123213','1232131','asdsad','dsads','dsadsa','dsadas','123219',100,1522,'REGISTERED POST','','Paypal','',242.9900,'Processing','182.253.180.94','Chrome 67.0.3396.99','Mozilla/5.0 (Windows NT 6.3; Win64; x64) AppleWebKit/537.36 (KHTML, like Gecko) Chrome/67.0.3396.99 Safari/537.36','2018-08-27 22:55:13','2018-08-27 22:55:13',NULL,NULL),
(131,'INV-2018-75',0,1,'tes6','tes6','fatih@designcub3.com','-10230-2','3280938201','dlaskdl;a','aksl;dks;a','dskal;dksal;','dksla;dklsa','19238',100,1520,'REGISTERED POST','','Paypal','',242.9900,'Processing','182.253.180.94','Chrome 67.0.3396.99','Mozilla/5.0 (Windows NT 6.3; Win64; x64) AppleWebKit/537.36 (KHTML, like Gecko) Chrome/67.0.3396.99 Safari/537.36','2018-08-27 22:56:52','2018-08-27 22:56:52',NULL,NULL),
(132,'INV-2018-76',0,1,'tes6','tes6','fatih@designcub3.com','-10230-2','3280938201','dlaskdl;a','aksl;dks;a','dskal;dksal;','dksla;dklsa','19238',100,1518,'REGISTERED POST','','Paypal','',242.9900,'Processing','182.253.180.94','Chrome 67.0.3396.99','Mozilla/5.0 (Windows NT 6.3; Win64; x64) AppleWebKit/537.36 (KHTML, like Gecko) Chrome/67.0.3396.99 Safari/537.36','2018-08-27 22:57:42','2018-08-27 22:57:42',NULL,NULL),
(133,'INV-2018-77',0,1,'tes7','tes7','fatih@designcub3.com','-10230-2','3280938201','dlaskdl;a','aksl;dks;a','dskal;dksal;','dksla;dklsa','19238',100,1519,'REGISTERED POST','','Paypal','',242.9900,'Processing','182.253.180.94','Chrome 67.0.3396.99','Mozilla/5.0 (Windows NT 6.3; Win64; x64) AppleWebKit/537.36 (KHTML, like Gecko) Chrome/67.0.3396.99 Safari/537.36','2018-08-27 23:00:49','2018-08-27 23:00:49',NULL,NULL),
(134,'INV-2018-78',0,1,'tes8','tes8','fatih@designcub3.com','-10230-2','3280938201','dlaskdl;a','aksl;dks;a','dskal;dksal;','dksla;dklsa','19238',100,1524,'REGISTERED POST','','Paypal','',247.9900,'Processing','182.253.180.94','Chrome 67.0.3396.99','Mozilla/5.0 (Windows NT 6.3; Win64; x64) AppleWebKit/537.36 (KHTML, like Gecko) Chrome/67.0.3396.99 Safari/537.36','2018-08-27 23:05:04','2018-08-27 23:05:04',NULL,NULL),
(135,'INV-2018-79',0,1,'tes9','tes9','fatih@designcub3.com','9182302','902380921','dsladksla;','dskal;dksal;','dksal;dksal;','dskal;kdlsa;','11728',100,1524,'REGISTERED POST','','Paypal','',244.9900,'Completed','182.253.180.94','Chrome 67.0.3396.99','Mozilla/5.0 (Windows NT 6.3; Win64; x64) AppleWebKit/537.36 (KHTML, like Gecko) Chrome/67.0.3396.99 Safari/537.36','2018-08-27 23:10:30','2018-08-27 23:10:30','2YRiRV1JlWRHoQgdGF5Z6xYijM3jU1IYhSSyiHCyOie3ZiiPdfpuvQJASNGPA','Pending'),
(136,'INV-2018-80',5,1,'Fatih','Inra','fatih@designcub3.com','081318397192','138921','asd','asd','asd','asd','123213',100,1513,'REGISTERED POST','','Paypal','',246.9900,'Processing','182.253.180.94','Chrome 67.0.3396.99','Mozilla/5.0 (Windows NT 6.3; Win64; x64) AppleWebKit/537.36 (KHTML, like Gecko) Chrome/67.0.3396.99 Safari/537.36','2018-08-27 23:50:01','2018-08-27 23:50:01',NULL,NULL),
(137,'INV-2018-81',0,1,'Fatih','Jaya','fatih@designcub3.com','123123','12312321','asdasdas','jl bambu pagar','perumahan banjar wijaya cluster yunani blok b50A 29','Tangerang','15141',100,1520,'REGISTERED POST','','Paypal','',244.9900,'Processing','182.253.180.94','Chrome 67.0.3396.99','Mozilla/5.0 (Windows NT 6.3; Win64; x64) AppleWebKit/537.36 (KHTML, like Gecko) Chrome/67.0.3396.99 Safari/537.36','2018-08-27 23:56:33','2018-08-27 23:56:33',NULL,NULL),
(138,'INV-2018-82',0,1,'Fatih','Jaya','fatih@designcub3.com','123123','12312321','asdasdas','jl bambu pagar','perumahan banjar wijaya cluster yunani blok b50A 29','Tangerang','15141',100,1514,'REGISTERED POST','','Paypal','',244.9900,'Processing','182.253.180.89','Chrome 67.0.3396.99','Mozilla/5.0 (Windows NT 6.3; Win64; x64) AppleWebKit/537.36 (KHTML, like Gecko) Chrome/67.0.3396.99 Safari/537.36','2018-08-28 01:18:53','2018-08-28 01:18:53',NULL,NULL),
(139,'INV-2018-83',0,1,'Fatih','Jaya','fatih@designcub3.com','123123','12312321','asdasdas','jl bambu pagar','perumahan banjar wijaya cluster yunani blok b50A 29','Tangerang','15141',100,1520,'REGISTERED POST','','Paypal','',245.9900,'Processing','182.253.180.89','Chrome 67.0.3396.99','Mozilla/5.0 (Windows NT 6.3; Win64; x64) AppleWebKit/537.36 (KHTML, like Gecko) Chrome/67.0.3396.99 Safari/537.36','2018-08-28 01:21:31','2018-08-28 01:21:31',NULL,NULL),
(140,'INV-2018-84',5,1,'Fatih','Inra','fatih@designcub3.com','081318397192','138921','asd','asd','asd','asd','123213',100,1513,'REGISTERED POST','','Paypal','',244.9900,'Processing','182.253.180.89','Chrome 67.0.3396.99','Mozilla/5.0 (Windows NT 6.3; Win64; x64) AppleWebKit/537.36 (KHTML, like Gecko) Chrome/67.0.3396.99 Safari/537.36','2018-08-28 01:23:19','2018-08-28 01:23:19',NULL,NULL),
(141,'INV-2018-85',0,1,'asdslak;d','dklsa;kdsl;a','fatih@designcub3.com','12312','12398','laskdl;a','dksla;d','dksladka;s','dls;akdl;a','11238',100,1512,'REGISTERED POST','','Paypal','',244.9900,'Processing','182.253.180.89','Chrome 67.0.3396.99','Mozilla/5.0 (Windows NT 6.3; Win64; x64) AppleWebKit/537.36 (KHTML, like Gecko) Chrome/67.0.3396.99 Safari/537.36','2018-08-28 01:27:44','2018-08-28 01:27:44',NULL,NULL),
(142,'INV-2018-86',5,1,'Fatih','Inra','fatih@designcub3.com','081318397192','138921','asd','asd','asd','asd','123213',100,1513,'REGISTERED POST','','Paypal','',245.9900,'Processing','182.253.180.89','Chrome 67.0.3396.99','Mozilla/5.0 (Windows NT 6.3; Win64; x64) AppleWebKit/537.36 (KHTML, like Gecko) Chrome/67.0.3396.99 Safari/537.36','2018-08-28 01:33:34','2018-08-28 01:33:34',NULL,NULL),
(143,'INV-2018-87',5,1,'Fatih','Inra','fatih@designcub3.com','081318397192','138921','asd','asd','asd','asd','123213',100,1513,'REGISTERED POST','','Paypal','',244.9900,'Processing','182.253.180.89','Chrome 67.0.3396.99','Mozilla/5.0 (Windows NT 6.3; Win64; x64) AppleWebKit/537.36 (KHTML, like Gecko) Chrome/67.0.3396.99 Safari/537.36','2018-08-28 01:40:25','2018-08-28 01:40:25',NULL,NULL),
(144,'INV-2018-88',5,1,'Fatih','Inra','fatih@designcub3.com','081318397192','138921','asd','asd','asd','asd','123213',100,1513,'REGISTERED POST','','Paypal','',244.9900,'Completed','182.253.180.89','Chrome 67.0.3396.99','Mozilla/5.0 (Windows NT 6.3; Win64; x64) AppleWebKit/537.36 (KHTML, like Gecko) Chrome/67.0.3396.99 Safari/537.36','2018-08-28 01:41:42','2018-08-28 01:41:42','qyw13W0TwxSXaH4FLLJz2bGG0ecD1YsxCnh7w88wLh822M5hBD09ZygLJQvwA','Pending'),
(145,'INV-2018-89',0,1,'asd','asd','fatih@designcub3.com','123','12321','dsad','dsadsa','dsad','dsadsa','23123',100,1519,'REGISTERED POST','','Paypal','',244.9900,'Processing','182.253.180.89','Chrome 67.0.3396.99','Mozilla/5.0 (Windows NT 6.3; Win64; x64) AppleWebKit/537.36 (KHTML, like Gecko) Chrome/67.0.3396.99 Safari/537.36','2018-08-28 01:55:17','2018-08-28 01:55:17',NULL,NULL),
(146,'INV-2018-90',0,1,'asd','asd','fatih@designcub3.com','123','12321','dsad','dsadsa','dsad','dsadsa','23123',100,1520,'REGISTERED POST','','Paypal','',244.9900,'Completed','182.253.180.89','Chrome 67.0.3396.99','Mozilla/5.0 (Windows NT 6.3; Win64; x64) AppleWebKit/537.36 (KHTML, like Gecko) Chrome/67.0.3396.99 Safari/537.36','2018-08-28 02:01:51','2018-08-28 02:01:51','35Qnwb3t3gyJeF1zzLXxx6fdBHBQZEbVXxtylxkd5O3yIWSoWq5FrVJ1N8ECj','Pending'),
(147,'INV-2018-91',5,1,'Fatih','Inra','fatih@designcub3.com','081318397192','138921','asd','asd','asd','asd','123213',100,1513,'REGISTERED POST','','Paypal','',434.9800,'Completed','182.253.180.89','Chrome 67.0.3396.99','Mozilla/5.0 (Windows NT 6.3; Win64; x64) AppleWebKit/537.36 (KHTML, like Gecko) Chrome/67.0.3396.99 Safari/537.36','2018-08-28 02:27:47','2018-08-28 02:27:47','wRDj6gU35WBiqhp2r4FKg5FhXI6lOmygvcijbgDHKF4f4n88ZC2aZjtlwT20c','Pending'),
(148,'INV-2018-92',0,1,'Fatih','Jaya','fatih@designcub3.com','12312321','12','321321','jl bambu pagar','perumahan banjar wijaya cluster yunani blok b50A 29','Tangerang','15141',100,1510,'REGISTERED POST','','Paypal','',244.9900,'Completed','182.253.180.89','Chrome 67.0.3396.99','Mozilla/5.0 (Windows NT 6.3; Win64; x64) AppleWebKit/537.36 (KHTML, like Gecko) Chrome/67.0.3396.99 Safari/537.36','2018-08-28 04:32:13','2018-08-28 04:32:13','5wOPOMRHwqD0YGu49i7tYRbXNpZkw6s69XWJvo67jqx0RoNS2xWGtEk1P1Haa','Pending'),
(149,'INV-2018-93',0,1,'aasdsa','dsadsa','fatih@designcub3.com','12321312','13123','dsadas','dsads','dsadsa','asdsad','12321',100,1510,'REGISTERED POST','','Paypal','',188.9900,'Completed','182.253.180.89','Chrome 67.0.3396.99','Mozilla/5.0 (Windows NT 6.3; Win64; x64) AppleWebKit/537.36 (KHTML, like Gecko) Chrome/67.0.3396.99 Safari/537.36','2018-08-28 04:44:51','2018-08-28 04:44:51','Pl1a7weOcEvjkxIK1NWmCmSTlQN2hv1Y6bWEVQQWXHBzCAOPWMxEBndrkBAal','Pending'),
(150,'INV-2018-94',0,1,'aasdsa','dsadsa','fatih@designcub3.com','12321312','13123','dsadas','dsads','dsadsa','asdsad','12321',100,1521,'REGISTERED POST','','Paypal','',124.9900,'Completed','182.253.180.89','Chrome 67.0.3396.99','Mozilla/5.0 (Windows NT 6.3; Win64; x64) AppleWebKit/537.36 (KHTML, like Gecko) Chrome/67.0.3396.99 Safari/537.36','2018-08-28 04:47:00','2018-08-28 04:47:00','p7qslSYVa3Eq9ASq7nRSfWSTmCMGcccF89MFTMvLeTBBm8GVfdZaHRtd4yPpJ','Pending'),
(151,'INV-2018-95',0,1,'aasdsa','dsadsa','fatih@designcub3.com','12321312','13123','dsadas','dsads','dsadsa','asdsad','12321',100,1514,'REGISTERED POST','','Paypal','',188.9900,'Completed','182.253.180.89','Chrome 67.0.3396.99','Mozilla/5.0 (Windows NT 6.3; Win64; x64) AppleWebKit/537.36 (KHTML, like Gecko) Chrome/67.0.3396.99 Safari/537.36','2018-08-28 04:50:43','2018-08-28 04:50:43','ym22Ot7M8jswP1OoQAsy0ohF3gkk9bbGBR4FdZyxbA0o4bZ6jD79IiqLXaH46','Pending'),
(152,'INV-2018-96',0,1,'dsjakl','djskal','fatih@designcub3.com','1839021','389201839','djskaldksa;','dksla;kd;sa','dksaldkas;','dksla;kdas','32189',100,1516,'REGISTERED POST','','Paypal','',188.9900,'Processing','182.253.180.89','Chrome 67.0.3396.99','Mozilla/5.0 (Windows NT 6.3; Win64; x64) AppleWebKit/537.36 (KHTML, like Gecko) Chrome/67.0.3396.99 Safari/537.36','2018-08-28 04:55:45','2018-08-28 04:55:45',NULL,NULL),
(153,'INV-2018-97',0,1,'dsjakl','djskal','fatih@designcub3.com','1839021','389201839','djskaldksa;','dksla;kd;sa','dksaldkas;','dksla;kdas','32189',100,1516,'REGISTERED POST','','Paypal','',188.9900,'Completed','182.253.180.89','Chrome 67.0.3396.99','Mozilla/5.0 (Windows NT 6.3; Win64; x64) AppleWebKit/537.36 (KHTML, like Gecko) Chrome/67.0.3396.99 Safari/537.36','2018-08-28 04:57:35','2018-08-28 04:57:35','Ovx55VmZSmQUs1WZpSfFMAcuOyzahPvLyyzkHykZC45cZwVWGOntMbE4qGto0','Pending'),
(154,'INV-2018-98',0,1,'dsjakl','djskal','fatih@designcub3.com','1839021','389201839','djskaldksa;','dksla;kd;sa','dksaldkas;','dksla;kdas','32189',100,1522,'REGISTERED POST','','Paypal','',124.9900,'Completed','182.253.180.89','Chrome 67.0.3396.99','Mozilla/5.0 (Windows NT 6.3; Win64; x64) AppleWebKit/537.36 (KHTML, like Gecko) Chrome/67.0.3396.99 Safari/537.36','2018-08-28 05:01:49','2018-08-28 05:01:49','DXVrdQuCKzfrcKgY3qT9muf3MrAZtWtGvIsMHnjYwtUYfAllVuFfNarQZjeTs','Pending'),
(155,'INV-2018-99',0,1,'dsjakl','djskal','fatih@designcub3.com','1839021','389201839','djskaldksa;','dksla;kd;sa','dksaldkas;','dksla;kdas','32189',100,1510,'REGISTERED POST','','Paypal','',188.9900,'Completed','182.253.180.89','Chrome 67.0.3396.99','Mozilla/5.0 (Windows NT 6.3; Win64; x64) AppleWebKit/537.36 (KHTML, like Gecko) Chrome/67.0.3396.99 Safari/537.36','2018-08-28 05:22:08','2018-08-28 05:22:08','2Qt7NXm1vOkUMLwdPlv4KXsH4TsHVERmdWimQS5qWCeC5hzAdY54DfEjTZ4gN','Pending'),
(156,'INV-2018-100',0,1,'dsjakl','djskal','fatih@designcub3.com','1839021','389201839','djskaldksa;','dksla;kd;sa','dksaldkas;','dksla;kdas','32189',100,1513,'REGISTERED POST','','Paypal','',188.9900,'Completed','182.253.180.89','Chrome 67.0.3396.99','Mozilla/5.0 (Windows NT 6.3; Win64; x64) AppleWebKit/537.36 (KHTML, like Gecko) Chrome/67.0.3396.99 Safari/537.36','2018-08-28 05:31:05','2018-08-28 05:31:05','gA5pykoLY9zjsB4YTs0Gp1Do9emU6Bm6bbSd6o6zbaKkeA4lHduquQuwro6CY','Pending'),
(157,'INV-2018-101',0,1,'dsjakl','djskal','fatih@designcub3.com','1839021','389201839','djskaldksa;','dksla;kd;sa','dksaldkas;','dksla;kdas','32189',100,1514,'REGISTERED POST','','Paypal','',188.9900,'Completed','182.253.180.89','Chrome 67.0.3396.99','Mozilla/5.0 (Windows NT 6.3; Win64; x64) AppleWebKit/537.36 (KHTML, like Gecko) Chrome/67.0.3396.99 Safari/537.36','2018-08-28 05:35:10','2018-08-28 05:35:10','XCNNamtyOMSPjeStXE982B8bwTIobEBRVmqsmqzopH1hmDxmv5Vq1CKOnTPkV','Pending'),
(158,'INV-2018-102',0,1,'dsjakl','djskal','fatih@designcub3.com','1839021','389201839','djskaldksa;','dksla;kd;sa','dksaldkas;','dksla;kdas','32189',100,1523,'REGISTERED POST','','Paypal','',188.9900,'Completed','182.253.180.89','Chrome 67.0.3396.99','Mozilla/5.0 (Windows NT 6.3; Win64; x64) AppleWebKit/537.36 (KHTML, like Gecko) Chrome/67.0.3396.99 Safari/537.36','2018-08-28 05:37:15','2018-08-28 05:37:15','dDMYr6VZgORlVNTMr2x0nWD4uf5zVw5s6XliUfVaj3iTt87Fvh9a2j6ODogod','Pending'),
(159,'INV-2018-103',0,1,'dsjakl','djskal','fatih@designcub3.com','1839021','389201839','djskaldksa;','dksla;kd;sa','dksaldkas;','dksla;kdas','32189',100,1518,'REGISTERED POST','','Paypal','',188.9900,'Completed','182.253.180.89','Chrome 67.0.3396.99','Mozilla/5.0 (Windows NT 6.3; Win64; x64) AppleWebKit/537.36 (KHTML, like Gecko) Chrome/67.0.3396.99 Safari/537.36','2018-08-28 05:39:41','2018-08-28 05:39:41','OyQKEZyL9NqAVownmDZC6lgaiMKoj9r0190Gm9eYp3W8OUTPmKDMo0EzdduTe','Pending'),
(160,'INV-2018-104',0,1,'dsjakl','djskal','fatih@designcub3.com','1839021','389201839','djskaldksa;','dksla;kd;sa','dksaldkas;','dksla;kdas','32189',100,1510,'REGISTERED POST','','Paypal','',188.9900,'Completed','182.253.180.89','Chrome 67.0.3396.99','Mozilla/5.0 (Windows NT 6.3; Win64; x64) AppleWebKit/537.36 (KHTML, like Gecko) Chrome/67.0.3396.99 Safari/537.36','2018-08-28 05:41:55','2018-08-28 05:41:55','FmS4Xs7dDJUZZe0LEC9SgfqpCtlcn7qHMBADFmQFfC1aFSgbxtIdKjwfeaa50','Pending'),
(161,'INV-2018-105',0,1,'dsjakl','djskal','fatih@designcub3.com','1839021','389201839','djskaldksa;','dksla;kd;sa','dksaldkas;','dksla;kdas','32189',100,1515,'REGISTERED POST','','Paypal','',433.9800,'Completed','182.253.180.89','Chrome 67.0.3396.99','Mozilla/5.0 (Windows NT 6.3; Win64; x64) AppleWebKit/537.36 (KHTML, like Gecko) Chrome/67.0.3396.99 Safari/537.36','2018-08-28 05:45:30','2018-08-28 05:45:30','2LxfH4qgDv7QHtqPVjcjmPRX3zmXhuBWcZIAlUGYFezLtDwIbTqHxQtXyQhRE','Pending'),
(162,'INV-2018-106',0,1,'dsjakl','djskal','fatih@designcub3.com','1839021','389201839','djskaldksa;','dksla;kd;sa','dksaldkas;','dksla;kdas','32189',100,1520,'REGISTERED POST','','Paypal','',434.9800,'Completed','182.253.180.89','Chrome 67.0.3396.99','Mozilla/5.0 (Windows NT 6.3; Win64; x64) AppleWebKit/537.36 (KHTML, like Gecko) Chrome/67.0.3396.99 Safari/537.36','2018-08-28 05:47:36','2018-08-28 05:47:36','ccwZAsLqPRrLVG5URcC12WGSO0CUY2Pakqyocbp2y1Rx8OhgEr1AdSeuF9iVJ','Pending'),
(163,'INV-2018-107',0,1,'dsjakl','djskal','fatih@designcub3.com','1839021','389201839','djskaldksa;','dksla;kd;sa','dksaldkas;','dksla;kdas','32189',100,1507,'REGISTERED POST','','Paypal','',434.9800,'Completed','182.253.180.89','Chrome 67.0.3396.99','Mozilla/5.0 (Windows NT 6.3; Win64; x64) AppleWebKit/537.36 (KHTML, like Gecko) Chrome/67.0.3396.99 Safari/537.36','2018-08-28 05:49:43','2018-08-28 05:49:43','8eO9cjAXakchruPL96h14NDZgOC4gSyeOPDyrWIBgE2dN0Zzw2UvJX0Ot7rwy','Pending'),
(164,'INV-2018-108',0,1,'dsjakl','djskal','fatih@designcub3.com','1839021','389201839','djskaldksa;','dksla;kd;sa','dksaldkas;','dksla;kdas','32189',100,1517,'REGISTERED POST','','Paypal','',433.9800,'Completed','182.253.180.89','Chrome 67.0.3396.99','Mozilla/5.0 (Windows NT 6.3; Win64; x64) AppleWebKit/537.36 (KHTML, like Gecko) Chrome/67.0.3396.99 Safari/537.36','2018-08-28 05:52:51','2018-08-28 05:52:51','oXq4iUlQ7scrLT0vEc8TCIEkSzjs8Ocvo68QbvqcGZuk7GOFxEtukk3zQMC2r','Pending'),
(165,'INV-2018-109',0,1,'dsjakl','djskal','fatih@designcub3.com','1839021','389201839','djskaldksa;','dksla;kd;sa','dksaldkas;','dksla;kdas','32189',100,1516,'REGISTERED POST','','Paypal','',434.9800,'Completed','182.253.180.89','Chrome 67.0.3396.99','Mozilla/5.0 (Windows NT 6.3; Win64; x64) AppleWebKit/537.36 (KHTML, like Gecko) Chrome/67.0.3396.99 Safari/537.36','2018-08-28 06:13:20','2018-08-28 06:13:20','G6HE0vKQmNHo6DeN0ezA4G5NvRZV9c6yGnDhKxbLMaYftKWHcpzdP7dtOByPU','Pending'),
(166,'INV-2018-110',0,1,'dsjakl','djskal','fatih@designcub3.com','1839021','389201839','djskaldksa;','dksla;kd;sa','dksaldkas;','dksla;kdas','32189',100,1520,'REGISTERED POST','','Paypal','',433.9800,'Completed','182.253.180.89','Chrome 67.0.3396.99','Mozilla/5.0 (Windows NT 6.3; Win64; x64) AppleWebKit/537.36 (KHTML, like Gecko) Chrome/67.0.3396.99 Safari/537.36','2018-08-28 06:18:09','2018-08-28 06:18:09','fU8C6Wk6cfgcyKlHe9t0sz3z9i8G9oZauVCYvUqCjAqWibgQNKOYATFOX0Gci','Pending'),
(167,'INV-2018-111',0,1,'dsjakl','djskal','fatih@designcub3.com','1839021','389201839','djskaldksa;','dksla;kd;sa','dksaldkas;','dksla;kdas','32189',100,1514,'REGISTERED POST','','Paypal','',433.9800,'Processing','182.253.180.89','Chrome 67.0.3396.99','Mozilla/5.0 (Windows NT 6.3; Win64; x64) AppleWebKit/537.36 (KHTML, like Gecko) Chrome/67.0.3396.99 Safari/537.36','2018-08-28 06:29:58','2018-08-28 06:29:58',NULL,NULL),
(168,'INV-2018-112',0,1,'dsjakl','djskal','fatih@designcub3.com','1839021','389201839','djskaldksa;','dksla;kd;sa','dksaldkas;','dksla;kdas','32189',100,1518,'REGISTERED POST','','Paypal','',433.9800,'Completed','182.253.180.89','Chrome 67.0.3396.99','Mozilla/5.0 (Windows NT 6.3; Win64; x64) AppleWebKit/537.36 (KHTML, like Gecko) Chrome/67.0.3396.99 Safari/537.36','2018-08-28 06:38:24','2018-08-28 06:38:24','BCctoYSmsYPypoGyHR28zd9trrRN6wabHZTNuIOFzrm9cKltiXDeoXG0s0A05','Pending'),
(169,'INV-2018-113',0,1,'dsjakl','djskal','fatih@designcub3.com','1839021','389201839','djskaldksa;','dksla;kd;sa','dksaldkas;','dksla;kdas','32189',100,1515,'REGISTERED POST','','Paypal','',434.9800,'Completed','182.253.180.89','Chrome 67.0.3396.99','Mozilla/5.0 (Windows NT 6.3; Win64; x64) AppleWebKit/537.36 (KHTML, like Gecko) Chrome/67.0.3396.99 Safari/537.36','2018-08-28 06:41:16','2018-08-28 06:41:16','IWL1bTFoe8euhoBruA8jWnkUH043ctiLj1dgQ0EKqN8XCdygl3TmzkgcNY8fZ','Pending'),
(170,'INV-2018-114',0,1,'asds','dsadsa','fatih@designcub3.com','123123','123123','asdasdsa','asdasd','dsadsa','dsadsa','11232',100,1521,'REGISTERED POST','','Paypal','',433.9800,'Completed','182.253.180.67','Chrome 67.0.3396.99','Mozilla/5.0 (Windows NT 6.3; Win64; x64) AppleWebKit/537.36 (KHTML, like Gecko) Chrome/67.0.3396.99 Safari/537.36','2018-08-29 23:14:58','2018-08-29 23:14:58','3RqfyXgSvxXRvwJ2Juw1EYZKGNhWCqlXXrD4vZlxtscjO7nKBgIRt02c06cjd','Pending'),
(171,'INV-2018-115',0,1,'asd','asd','fatih@designcub3.com','123123','312321','asdsd','dsadsa','dsadas','asdsda','12312',100,1516,'REGISTERED POST','','Paypal','',433.9800,'Completed','182.253.180.67','Chrome 67.0.3396.99','Mozilla/5.0 (Windows NT 6.3; Win64; x64) AppleWebKit/537.36 (KHTML, like Gecko) Chrome/67.0.3396.99 Safari/537.36','2018-08-30 03:14:46','2018-08-30 03:14:46','EbQEeZwleRLeAibuACUJAQHHNqIOqLQRwWY60CFMCIrvdw76JveonS5T30zuy','Pending'),
(172,'INV-2018-116',0,1,'asd','asd','fatih@designcub3.com','123123','312321','asdsd','dsadsa','dsadas','asdsda','12312',100,1515,'REGISTERED POST','','Paypal','',433.9800,'Completed','182.253.180.67','Chrome 67.0.3396.99','Mozilla/5.0 (Windows NT 6.3; Win64; x64) AppleWebKit/537.36 (KHTML, like Gecko) Chrome/67.0.3396.99 Safari/537.36','2018-08-30 03:19:10','2018-08-30 03:19:10','8keMMNujfUvdzHid09afMnW9qWfGe29WMIJfMKdAKCWFDm2wz695sF7lzKnQO','Pending'),
(173,'INV-2018-117',0,1,'asd','asd','fatih@designcub3.com','123123','312321','asdsd','dsadsa','dsadas','asdsda','12312',100,1517,'REGISTERED POST','','Paypal','',433.9800,'Completed','182.253.180.67','Chrome 67.0.3396.99','Mozilla/5.0 (Windows NT 6.3; Win64; x64) AppleWebKit/537.36 (KHTML, like Gecko) Chrome/67.0.3396.99 Safari/537.36','2018-08-30 03:20:48','2018-08-30 03:20:48','6yiQc2O11pvyLPQSEDw59DJEcJHhMWiry5dD3USOPBt5ySmlJ9HHUQduwxTwk','Pending'),
(174,'INV-2018-118',0,1,'asd','asd','fatih@designcub3.com','123123','312321','asdsd','dsadsa','dsadas','asdsda','12312',100,1517,'REGISTERED POST','','Paypal','',433.9800,'Completed','182.253.180.67','Chrome 67.0.3396.99','Mozilla/5.0 (Windows NT 6.3; Win64; x64) AppleWebKit/537.36 (KHTML, like Gecko) Chrome/67.0.3396.99 Safari/537.36','2018-08-30 03:26:46','2018-08-30 03:26:46','bJqhQwtV1ZHv3KDh3raVREusUneB9GG0V50bQXkV5FE7T8XUpPjMtb91ms2FJ','Pending'),
(175,'INV-2018-119',0,1,'asd','asd','fatih@designcub3.com','123123','312321','asdsd','dsadsa','dsadas','asdsda','12312',100,1518,'REGISTERED POST','','Paypal','',433.9800,'Completed','182.253.180.67','Chrome 67.0.3396.99','Mozilla/5.0 (Windows NT 6.3; Win64; x64) AppleWebKit/537.36 (KHTML, like Gecko) Chrome/67.0.3396.99 Safari/537.36','2018-08-30 03:30:04','2018-08-30 03:30:04','QU6UxnZHpiHnPTrJWwhor50R7d7TO41db4pAEYl1s5a5vEYPsxrYE4DrKP4l9','Pending'),
(176,'INV-2018-120',0,1,'asd','asd','fatih@designcub3.com','123123','312321','asdsd','dsadsa','dsadas','asdsda','12312',100,1524,'REGISTERED POST','','Paypal','',433.9800,'Completed','182.253.180.67','Chrome 67.0.3396.99','Mozilla/5.0 (Windows NT 6.3; Win64; x64) AppleWebKit/537.36 (KHTML, like Gecko) Chrome/67.0.3396.99 Safari/537.36','2018-08-30 03:33:51','2018-08-30 03:33:51','z6avEUjJ2TKttSX2td1oTLStBVEOgqM9AnAdeBJO2h6SRCFK1RKsQiTuSblek','Pending'),
(177,'INV-2018-121',0,1,'asd','asd','fatih@designcub3.com','123123','312321','asdsd','dsadsa','dsadas','asdsda','12312',100,1517,'REGISTERED POST','','Paypal','',368.9800,'Completed','182.253.180.67','Chrome 67.0.3396.99','Mozilla/5.0 (Windows NT 6.3; Win64; x64) AppleWebKit/537.36 (KHTML, like Gecko) Chrome/67.0.3396.99 Safari/537.36','2018-08-30 03:41:36','2018-08-30 03:41:36','q5KxpxlJy4SFBInN9GWPH83s3AijSK13BVyP0BEBlaJ7Pqu4eqxuMx44GlVLa','Pending'),
(178,'INV-2018-122',0,1,'asd','asd','fatih@designcub3.com','123123','312321','asdsd','dsadsa','dsadas','asdsda','12312',100,1511,'REGISTERED POST','','Paypal','',556.9700,'Completed','182.253.180.67','Chrome 67.0.3396.99','Mozilla/5.0 (Windows NT 6.3; Win64; x64) AppleWebKit/537.36 (KHTML, like Gecko) Chrome/67.0.3396.99 Safari/537.36','2018-08-30 03:57:07','2018-08-30 03:57:07','6XtwRlCtrvEVPWwIkUSVi6VunCObVdWNbeS28iLfo1iSA3xJJZwjTVvRTn3ru','Completed'),
(179,'INV-2018-123',0,1,'asdad','ddsad','fatih@designcub3.com','123123','12312321','asdas','dsadsa','dsad','dsadsa','12312',100,1518,'REGISTERED POST','','Paypal','',244.9900,'Completed','182.253.178.230','Chrome 67.0.3396.99','Mozilla/5.0 (Windows NT 6.3; Win64; x64) AppleWebKit/537.36 (KHTML, like Gecko) Chrome/67.0.3396.99 Safari/537.36','2018-09-03 03:44:08','2018-09-03 03:44:08','PA4pFh25T6xo0JDx0OronLWclakbNThUOD5VfA2rnfxwC7GAQyrL0q7V6xJ4k','Completed'),
(180,'INV-2018-124',0,0,'asdsad','dsadsa','fatih@designcub3.com','123123','12321','dsadsa','dsadsa','dsadsa','asdsad','12321',100,1517,'REGISTERED POST','','Paypal','',244.9900,'Completed','182.253.178.230','Chrome 67.0.3396.99','Mozilla/5.0 (Windows NT 6.3; Win64; x64) AppleWebKit/537.36 (KHTML, like Gecko) Chrome/67.0.3396.99 Safari/537.36','2018-09-03 04:59:29','2018-09-03 04:59:29','jDElAzbMtItpZEh5bUcBTBJ7rwTkXio8G8We7JNfOSSAefU6B3x1dRma43PFe','Pending'),
(181,'INV-2018-125',0,1,'asdsad','dsadsa','fatih@designcub3.com','123123','12321','dsadsa','dsadsa','dsadsa','asdsad','12321',100,1510,'REGISTERED POST','','Paypal','',244.9900,'Completed','182.253.178.230','Chrome 67.0.3396.99','Mozilla/5.0 (Windows NT 6.3; Win64; x64) AppleWebKit/537.36 (KHTML, like Gecko) Chrome/67.0.3396.99 Safari/537.36','2018-09-03 05:02:31','2018-09-03 05:02:31','QHFpgua3OxpLtPjwHZYP9yKBDMG9Cb3tl7iykd86JExdJoZlCGn1eJmGBT6zq','Pending'),
(182,'INV-2018-126',0,0,'asdsad','dsadsa','fatih@designcub3.com','123123','12321','dsadsa','dsadsa','dsadsa','asdsad','12321',100,1518,'REGISTERED POST','','Paypal','',244.9900,'Completed','182.253.178.230','Chrome 67.0.3396.99','Mozilla/5.0 (Windows NT 6.3; Win64; x64) AppleWebKit/537.36 (KHTML, like Gecko) Chrome/67.0.3396.99 Safari/537.36','2018-09-03 05:09:48','2018-09-03 05:09:48','zUm1pC1KlaPupsmFWq9Yh5IFeWYZ01PI068x9Mqfe7fjFLqAxMuRTMMW0RSzB','Pending'),
(183,'INV-2018-127',0,0,'asdsad','dsadsa','fatih@designcub3.com','123123','12321','dsadsa','dsadsa','dsadsa','asdsad','12321',100,1514,'REGISTERED POST','','Paypal','',188.9900,'Completed','182.253.178.230','Chrome 67.0.3396.99','Mozilla/5.0 (Windows NT 6.3; Win64; x64) AppleWebKit/537.36 (KHTML, like Gecko) Chrome/67.0.3396.99 Safari/537.36','2018-09-03 05:13:56','2018-09-03 05:13:56','xmkpk5egx7JITXNwlLwoevMDIDYisUttfozJsP2zDIUq7yDsItRjRbjrVHkxU','Pending'),
(184,'INV-2018-128',0,1,'asdsad','dsadsa','fatih@designcub3.com','1231231','123123','dsadsad','dsadsa','dsadsa','dsadsa','12321',100,1514,'REGISTERED POST','','Paypal','',428.9800,'Completed','182.253.178.230','Chrome 67.0.3396.99','Mozilla/5.0 (Windows NT 6.3; Win64; x64) AppleWebKit/537.36 (KHTML, like Gecko) Chrome/67.0.3396.99 Safari/537.36','2018-09-03 05:29:40','2018-09-03 05:29:40','urO2aL47kzGlIxqLAZPO6oFHtJlWbK4iaA5Ozsw4AGfn49WfXEX9STnsen8L0','Pending'),
(185,'INV-2018-129',0,1,'dsadsa','dsadsa','fatih@designcub3.com','123123','312312321','asdasdsad','dsadsa','dsadsa','dsadsa','12332',100,1520,'REGISTERED POST','','Paypal','',433.9800,'Completed','182.253.180.81','Chrome 67.0.3396.99','Mozilla/5.0 (Windows NT 6.3; Win64; x64) AppleWebKit/537.36 (KHTML, like Gecko) Chrome/67.0.3396.99 Safari/537.36','2018-09-03 22:39:31','2018-09-03 22:39:31','qBGZDnA3Ed7GjASWhdUYtYSb1USeU5PLSNZIi22iGdVfQjmDMVcgfy5upHb5K','Pending'),
(186,'INV-2018-130',0,1,'dsadsa','dsadsa','fatih@designcub3.com','123123','312312321','asdasdsad','dsadsa','dsadsa','dsadsa','12332',100,1519,'REGISTERED POST','','Paypal','',434.9800,'Completed','182.253.180.81','Chrome 67.0.3396.99','Mozilla/5.0 (Windows NT 6.3; Win64; x64) AppleWebKit/537.36 (KHTML, like Gecko) Chrome/67.0.3396.99 Safari/537.36','2018-09-03 22:56:08','2018-09-03 22:56:08','vDBkd93kMOfcVzORGFkHTM4fJ08JBVIKaTY0iY3oxKWwgZS9YSe9V6r32FTC5','Pending'),
(187,'INV-2018-131',0,1,'dsadsa','dsadsa','fatih@designcub3.com','123123','312312321','asdasdsad','dsadsa','dsadsa','dsadsa','12332',100,1511,'REGISTERED POST','','Paypal','',434.9800,'Completed','182.253.180.81','Chrome 67.0.3396.99','Mozilla/5.0 (Windows NT 6.3; Win64; x64) AppleWebKit/537.36 (KHTML, like Gecko) Chrome/67.0.3396.99 Safari/537.36','2018-09-03 23:00:11','2018-09-03 23:00:11','eHOOoT2U3gSofLEptfNn6BW12V11ojq3qTuRyJ172DAfZpaCP3pHkVL051kz9','Pending'),
(188,'INV-2018-132',0,1,'dsadsa','dsadsa','fatih@designcub3.com','123123','312312321','asdasdsad','dsadsa','dsadsa','dsadsa','12332',100,1522,'REGISTERED POST','','Paypal','',179.9800,'Completed','182.253.180.81','Chrome 67.0.3396.99','Mozilla/5.0 (Windows NT 6.3; Win64; x64) AppleWebKit/537.36 (KHTML, like Gecko) Chrome/67.0.3396.99 Safari/537.36','2018-09-03 23:13:16','2018-09-03 23:13:16','VPVN4diEj9yfEwy1uQY5e64gC6zit0NXhLr9qDIXETvQy2Uep7CU6LWdUHJKK','Pending'),
(189,'INV-2018-133',0,1,'asdsad','dsadas','fatih@designcub3.com','123123','123213','asdasd','dsadsa','dsadasd','asdsad','123123',100,1511,'REGISTERED POST','','Paypal','',179.9800,'Completed','182.253.180.81','Chrome 67.0.3396.99','Mozilla/5.0 (Windows NT 6.3; Win64; x64) AppleWebKit/537.36 (KHTML, like Gecko) Chrome/67.0.3396.99 Safari/537.36','2018-09-04 02:42:43','2018-09-04 02:42:43','e1UaMi7x9Uk3ITxFiwtjwLg5Iog8bZwjH0Tk1sYYjL2x6y4IFo3VeHB4nsBFC','Pending'),
(190,'INV-2018-134',0,1,'asdsad','dsadas','fatih@designcub3.com','123123','123213','asdasd','dsadsa','dsadasd','asdsad','123123',100,1519,'REGISTERED POST','','Paypal','',289.9800,'Completed','182.253.180.81','Chrome 67.0.3396.99','Mozilla/5.0 (Windows NT 6.3; Win64; x64) AppleWebKit/537.36 (KHTML, like Gecko) Chrome/67.0.3396.99 Safari/537.36','2018-09-04 02:55:37','2018-09-04 02:55:37','Q43fxhdiKakUq2ORoub0N2DMjip98bXPXB1WIVi7ST14gOS1pbS6lyvUiZRqU','Pending'),
(191,'INV-2018-135',0,1,'asdsad','dsadas','fatih@designcub3.com','123123','123213','asdasd','dsadsa','dsadasd','asdsad','123123',100,1521,'REGISTERED POST','','Paypal','',404.9900,'Completed','182.253.180.81','Chrome 67.0.3396.99','Mozilla/5.0 (Windows NT 6.3; Win64; x64) AppleWebKit/537.36 (KHTML, like Gecko) Chrome/67.0.3396.99 Safari/537.36','2018-09-04 02:58:24','2018-09-04 02:58:24','KcbB2GwkxgAfe3J5YdIbjtB40gxqfBGCpTTaUhZrh5tOhGnpBPGdMZjpGFpJS','Pending'),
(192,'INV-2018-136',0,1,'asdsad','dsads','fatih@designcub3.com','123213','3123123','asdasd','asdasd','asdasd','asdsd','123123',100,1519,'REGISTERED POST','','Paypal','',222.9700,'Completed','182.253.180.81','Chrome 67.0.3396.99','Mozilla/5.0 (Windows NT 6.3; Win64; x64) AppleWebKit/537.36 (KHTML, like Gecko) Chrome/67.0.3396.99 Safari/537.36','2018-09-04 05:31:30','2018-09-04 05:31:30','gJb8NdonEm7jrQGwQ6zUEQ62GKqdqTFTzObctQGMALhZIpwsweOeLvkWUY38m','Pending'),
(193,'INV-2018-137',0,1,'fatih','jaya','fatih@designcub3.com','1839821','19389012','dksla;kd;las','dksal;dk;sa','dsakl;dksal;','dksl;akd;ls','23788',100,1518,'REGISTERED POST','','Paypal','',433.9800,'Completed','111.95.27.160','Chrome 67.0.3396.99','Mozilla/5.0 (Windows NT 6.3; Win64; x64) AppleWebKit/537.36 (KHTML, like Gecko) Chrome/67.0.3396.99 Safari/537.36','2018-09-07 02:34:16','2018-09-07 02:34:16','LoaJKulMSJD79pYU4F59slSLeoOdN9dfqfSS7kSdEIcRpz4v3lkMUJeHhMZbl','Pending'),
(194,'INV-2019-138',0,1,'Novrizal','Zuhri','novrizal1991@gmail.com','+6287889177727','','','Jakarta','Jakarta','Jakarta','12345',84,1282,'REGISTERED POST','','Paypal','dasdsa',785.0000,'Processing','182.253.232.179','Chrome 72.0.3626.81','Mozilla/5.0 (Windows NT 10.0; Win64; x64) AppleWebKit/537.36 (KHTML, like Gecko) Chrome/72.0.3626.81 Safari/537.36','2019-02-21 01:16:00','2019-02-21 01:16:00',NULL,NULL),
(195,'INV-2019-139',6,0,'davit','hermansyah','davithermansyah37@gmail.com','0831-7282-9536','','indonesia','lubuk aman rt 06','','lubuk linggau','31614',100,1523,'REGISTERED POST','','Paypal','',435.0000,'Processing','::1','Chrome 74.0.3729.131','Mozilla/5.0 (Windows NT 6.3; Win64; x64) AppleWebKit/537.36 (KHTML, like Gecko) Chrome/74.0.3729.131 Safari/537.36','2019-05-08 04:44:51','2019-05-08 04:44:51',NULL,NULL);

/*Table structure for table `order_history` */

DROP TABLE IF EXISTS `order_history`;

CREATE TABLE `order_history` (
  `order_history_id` int(11) NOT NULL AUTO_INCREMENT,
  `order_id` int(11) NOT NULL,
  `order_status` enum('Processing','Shipped','Canceled','Complete','Denied','Canceled Reversal','Failed','Refunded','Reversed','Chargeback','Pending','Voided','Processed','Expired') NOT NULL DEFAULT 'Pending',
  `notify` tinyint(1) NOT NULL DEFAULT '0',
  `comment` text NOT NULL,
  `date_added` datetime NOT NULL,
  `date_modified` datetime DEFAULT NULL,
  PRIMARY KEY (`order_history_id`)
) ENGINE=MyISAM AUTO_INCREMENT=215 DEFAULT CHARSET=utf8;

/*Data for the table `order_history` */

insert  into `order_history`(`order_history_id`,`order_id`,`order_status`,`notify`,`comment`,`date_added`,`date_modified`) values 
(92,80,'Pending',0,'','2018-03-13 09:59:12',NULL),
(91,79,'Pending',0,'','2018-03-13 09:30:44',NULL),
(90,78,'Processing',0,'','2018-03-07 08:39:17',NULL),
(89,77,'Pending',0,'','2018-03-07 08:36:43',NULL),
(88,76,'Processing',0,'','2018-03-05 11:26:31',NULL),
(87,75,'Processing',0,'','2018-03-01 06:02:48',NULL),
(86,74,'Processing',0,'','2018-03-01 05:58:15',NULL),
(85,73,'Processing',0,'','2018-03-01 05:47:28',NULL),
(84,72,'Processing',0,'','2018-03-01 05:46:38',NULL),
(83,71,'Processing',0,'','2018-03-01 05:46:11',NULL),
(82,70,'Processing',0,'','2018-03-01 05:44:59',NULL),
(81,69,'Pending',0,'','2018-03-01 05:44:32',NULL),
(80,68,'Processing',0,'','2018-02-28 12:49:58',NULL),
(79,67,'Processing',0,'','2018-02-28 05:14:39',NULL),
(78,66,'Processing',0,'','2018-02-28 05:11:51',NULL),
(77,65,'Processing',0,'','2018-02-28 05:09:37',NULL),
(76,64,'Processing',0,'','2018-02-28 05:04:43',NULL),
(75,63,'Processing',0,'','2018-02-28 05:03:36',NULL),
(74,62,'Processing',0,'','2018-02-28 05:02:41',NULL),
(73,61,'Processing',0,'','2018-02-28 04:59:23',NULL),
(72,60,'Processing',0,'','2018-02-27 11:44:38',NULL),
(71,59,'Processing',0,'','2018-02-27 11:41:43',NULL),
(70,58,'Processing',0,'','2018-02-21 11:43:25',NULL),
(69,57,'Processing',0,'','2018-02-21 11:35:41',NULL),
(93,67,'Pending',0,'','2018-03-13 10:51:53',NULL),
(94,67,'Pending',0,'','2018-03-13 10:51:55',NULL),
(95,67,'Pending',0,'','2018-03-13 10:51:56',NULL),
(96,67,'Pending',0,'','2018-03-13 10:51:57',NULL),
(97,67,'Complete',0,'','2018-03-13 10:52:26',NULL),
(98,81,'Processing',0,'','2018-03-13 10:58:53',NULL),
(99,82,'Pending',0,'','2018-03-13 11:44:41',NULL),
(100,67,'Pending',0,'','2018-03-13 12:09:47',NULL),
(101,83,'Processing',0,'','2018-04-29 18:13:29',NULL),
(102,84,'Processing',0,'','2018-04-29 18:42:53',NULL),
(103,85,'Processing',0,'','2018-04-29 19:10:47',NULL),
(104,86,'Processing',0,'','2018-04-29 19:17:55',NULL),
(105,87,'Processing',0,'','2018-04-29 19:19:45',NULL),
(106,88,'Processing',0,'','2018-04-29 19:22:44',NULL),
(107,89,'Processing',0,'','2018-04-29 19:24:27',NULL),
(108,90,'Pending',0,'','2018-08-27 06:45:16',NULL),
(109,91,'Pending',0,'','2018-08-27 06:48:40',NULL),
(110,92,'Processing',0,'','2018-08-27 07:55:05',NULL),
(111,93,'Processing',0,'','2018-08-27 07:59:46',NULL),
(112,94,'Processing',0,'','2018-08-27 08:03:54',NULL),
(113,95,'Processing',0,'','2018-08-27 08:05:56',NULL),
(114,96,'Processing',0,'','2018-08-27 08:10:55',NULL),
(115,97,'Processing',0,'','2018-08-27 08:14:48',NULL),
(116,98,'Processing',0,'','2018-08-27 08:19:39',NULL),
(117,99,'Processing',0,'','2018-08-27 08:20:58',NULL),
(118,100,'Processing',0,'','2018-08-27 08:21:50',NULL),
(119,101,'Processing',0,'','2018-08-27 08:24:31',NULL),
(120,102,'Processing',0,'','2018-08-27 08:24:59',NULL),
(121,103,'Processing',0,'','2018-08-27 08:25:12',NULL),
(122,104,'Processing',0,'','2018-08-27 08:25:37',NULL),
(123,105,'Processing',0,'','2018-08-27 08:26:56',NULL),
(124,106,'Processing',0,'','2018-08-27 08:29:44',NULL),
(125,107,'Processing',0,'','2018-08-27 09:01:36',NULL),
(126,108,'Processing',0,'','2018-08-27 09:03:09',NULL),
(127,109,'Processing',0,'','2018-08-27 09:05:52',NULL),
(128,110,'Processing',0,'','2018-08-27 09:08:44',NULL),
(129,111,'Pending',0,'','2018-08-27 09:14:33',NULL),
(130,112,'Pending',0,'','2018-08-27 09:16:00',NULL),
(131,110,'Complete',0,'','2018-08-27 10:17:25',NULL),
(132,113,'Processing',0,'','2018-08-27 10:38:42',NULL),
(133,114,'Processing',0,'','2018-08-27 10:40:59',NULL),
(134,115,'Processing',0,'','2018-08-27 10:43:41',NULL),
(135,116,'Processing',0,'','2018-08-27 11:21:37',NULL),
(136,117,'Processing',0,'','2018-08-27 11:25:21',NULL),
(137,118,'Processing',0,'','2018-08-27 11:28:12',NULL),
(138,119,'Processing',0,'','2018-08-27 04:54:13',NULL),
(139,120,'Processing',0,'','2018-08-27 05:01:59',NULL),
(140,121,'Processing',0,'','2018-08-27 05:17:24',NULL),
(141,122,'Processing',0,'','2018-08-27 05:21:09',NULL),
(142,123,'Processing',0,'','2018-08-27 05:32:19',NULL),
(143,124,'Processing',0,'','2018-08-27 06:21:13',NULL),
(144,125,'Processing',0,'','2018-08-27 22:32:58',NULL),
(145,126,'Processing',0,'','2018-08-27 22:37:54',NULL),
(146,127,'Processing',0,'','2018-08-27 22:41:26',NULL),
(147,128,'Processing',0,'','2018-08-27 22:48:18',NULL),
(148,129,'Processing',0,'','2018-08-27 22:52:56',NULL),
(149,130,'Processing',0,'','2018-08-27 22:55:13',NULL),
(150,131,'Processing',0,'','2018-08-27 22:56:52',NULL),
(151,132,'Processing',0,'','2018-08-27 22:57:42',NULL),
(152,133,'Processing',0,'','2018-08-27 23:00:49',NULL),
(153,134,'Processing',0,'','2018-08-27 23:05:04',NULL),
(154,135,'Processing',0,'','2018-08-27 23:10:30',NULL),
(155,136,'Processing',0,'','2018-08-27 23:50:01',NULL),
(156,137,'Processing',0,'','2018-08-27 23:56:33',NULL),
(157,138,'Processing',0,'','2018-08-28 01:18:53',NULL),
(158,139,'Processing',0,'','2018-08-28 01:21:31',NULL),
(159,140,'Processing',0,'','2018-08-28 01:23:19',NULL),
(160,141,'Processing',0,'','2018-08-28 01:27:44',NULL),
(161,142,'Processing',0,'','2018-08-28 01:33:34',NULL),
(162,143,'Processing',0,'','2018-08-28 01:40:25',NULL),
(163,144,'Processing',0,'','2018-08-28 01:41:42',NULL),
(164,145,'Processing',0,'','2018-08-28 01:55:17',NULL),
(165,146,'Processing',0,'','2018-08-28 02:01:51',NULL),
(166,147,'Processing',0,'','2018-08-28 02:27:47',NULL),
(167,148,'Processing',0,'','2018-08-28 04:32:13',NULL),
(168,149,'Processing',0,'','2018-08-28 04:44:51',NULL),
(169,150,'Processing',0,'','2018-08-28 04:47:00',NULL),
(170,151,'Processing',0,'','2018-08-28 04:50:43',NULL),
(171,152,'Processing',0,'','2018-08-28 04:55:45',NULL),
(172,153,'Processing',0,'','2018-08-28 04:57:35',NULL),
(173,154,'Processing',0,'','2018-08-28 05:01:49',NULL),
(174,155,'Processing',0,'','2018-08-28 05:22:08',NULL),
(175,156,'Processing',0,'','2018-08-28 05:31:05',NULL),
(176,157,'Processing',0,'','2018-08-28 05:35:10',NULL),
(177,158,'Processing',0,'','2018-08-28 05:37:15',NULL),
(178,159,'Processing',0,'','2018-08-28 05:39:41',NULL),
(179,160,'Processing',0,'','2018-08-28 05:41:55',NULL),
(180,161,'Processing',0,'','2018-08-28 05:45:30',NULL),
(181,162,'Processing',0,'','2018-08-28 05:47:36',NULL),
(182,163,'Processing',0,'','2018-08-28 05:49:43',NULL),
(183,164,'Processing',0,'','2018-08-28 05:52:51',NULL),
(184,165,'Processing',0,'','2018-08-28 06:13:20',NULL),
(185,166,'Processing',0,'','2018-08-28 06:18:09',NULL),
(186,167,'Processing',0,'','2018-08-28 06:29:58',NULL),
(187,168,'Processing',0,'','2018-08-28 06:38:24',NULL),
(188,169,'Processing',0,'','2018-08-28 06:41:16',NULL),
(189,170,'Processing',0,'','2018-08-29 23:14:58',NULL),
(190,171,'Processing',0,'','2018-08-30 03:14:46',NULL),
(191,172,'Processing',0,'','2018-08-30 03:19:10',NULL),
(192,173,'Processing',0,'','2018-08-30 03:20:48',NULL),
(193,174,'Processing',0,'','2018-08-30 03:26:46',NULL),
(194,175,'Processing',0,'','2018-08-30 03:30:04',NULL),
(195,176,'Processing',0,'','2018-08-30 03:33:51',NULL),
(196,177,'Processing',0,'','2018-08-30 03:41:36',NULL),
(197,178,'Processing',0,'','2018-08-30 03:57:07',NULL),
(198,179,'Processing',0,'','2018-09-03 03:44:08',NULL),
(199,180,'Processing',0,'','2018-09-03 04:59:29',NULL),
(200,181,'Processing',0,'','2018-09-03 05:02:31',NULL),
(201,182,'Processing',0,'','2018-09-03 05:09:48',NULL),
(202,183,'Processing',0,'','2018-09-03 05:13:56',NULL),
(203,184,'Processing',0,'','2018-09-03 05:29:40',NULL),
(204,185,'Processing',0,'','2018-09-03 22:39:31',NULL),
(205,186,'Processing',0,'','2018-09-03 22:56:08',NULL),
(206,187,'Processing',0,'','2018-09-03 23:00:11',NULL),
(207,188,'Processing',0,'','2018-09-03 23:13:16',NULL),
(208,189,'Processing',0,'','2018-09-04 02:42:43',NULL),
(209,190,'Processing',0,'','2018-09-04 02:55:37',NULL),
(210,191,'Processing',0,'','2018-09-04 02:58:24',NULL),
(211,192,'Processing',0,'','2018-09-04 05:31:30',NULL),
(212,193,'Processing',0,'','2018-09-07 02:34:16',NULL),
(213,194,'Processing',0,'','2019-02-21 01:16:00',NULL),
(214,195,'Processing',0,'','2019-05-08 04:44:51',NULL);

/*Table structure for table `order_option` */

DROP TABLE IF EXISTS `order_option`;

CREATE TABLE `order_option` (
  `order_option_id` int(11) NOT NULL AUTO_INCREMENT,
  `order_id` int(11) NOT NULL,
  `order_product_id` int(11) NOT NULL,
  `product_option_id` int(11) NOT NULL,
  `product_option_value_id` int(11) NOT NULL,
  `name` varchar(255) NOT NULL,
  `value` text NOT NULL,
  `price` decimal(15,4) NOT NULL,
  `type` varchar(32) NOT NULL,
  PRIMARY KEY (`order_option_id`)
) ENGINE=InnoDB AUTO_INCREMENT=402 DEFAULT CHARSET=latin1;

/*Data for the table `order_option` */

insert  into `order_option`(`order_option_id`,`order_id`,`order_product_id`,`product_option_id`,`product_option_value_id`,`name`,`value`,`price`,`type`) values 
(71,57,23,6,10,'material','emas',3.0000,''),
(72,57,23,7,12,'Size','12',2.0000,''),
(73,58,23,6,9,'material','alumunium',2.0000,''),
(74,58,23,7,11,'Size','11',1.0000,''),
(75,59,23,6,9,'material','alumunium',2.0000,''),
(76,59,23,7,11,'Size','11',1.0000,''),
(77,60,23,6,9,'material','alumunium',2.0000,''),
(78,60,23,7,11,'Size','11',1.0000,''),
(79,61,23,6,9,'material','alumunium',2.0000,''),
(80,61,23,7,11,'Size','11',1.0000,''),
(81,62,23,6,9,'material','alumunium',2.0000,''),
(82,62,23,7,11,'Size','11',1.0000,''),
(83,63,23,6,9,'material','alumunium',2.0000,''),
(84,63,23,7,11,'Size','11',1.0000,''),
(85,64,23,6,9,'material','alumunium',2.0000,''),
(86,64,23,7,11,'Size','11',1.0000,''),
(87,65,23,6,9,'material','alumunium',2.0000,''),
(88,65,23,7,11,'Size','11',1.0000,''),
(89,66,23,6,9,'material','alumunium',2.0000,''),
(90,66,23,7,11,'Size','11',1.0000,''),
(91,67,23,6,9,'material','alumunium',2.0000,''),
(92,67,23,7,11,'Size','11',1.0000,''),
(93,68,23,10,17,'material','alumunium',2.0000,''),
(94,68,23,11,19,'Size','11',1.0000,''),
(95,68,23,12,21,'Tes','tes 1',2.0000,''),
(96,69,23,10,17,'material','alumunium',2.0000,''),
(97,69,23,11,19,'Size','11',1.0000,''),
(98,69,23,12,21,'Tes','tes 1',2.0000,''),
(99,70,23,10,17,'material','alumunium',2.0000,''),
(100,70,23,11,19,'Size','11',1.0000,''),
(101,70,23,12,21,'Tes','tes 1',2.0000,''),
(102,71,23,10,17,'material','alumunium',2.0000,''),
(103,71,23,11,19,'Size','11',1.0000,''),
(104,71,23,12,21,'Tes','tes 1',2.0000,''),
(105,72,23,10,17,'material','alumunium',2.0000,''),
(106,72,23,11,19,'Size','11',1.0000,''),
(107,72,23,12,21,'Tes','tes 1',2.0000,''),
(108,73,23,10,17,'material','alumunium',2.0000,''),
(109,73,23,11,19,'Size','11',1.0000,''),
(110,73,23,12,21,'Tes','tes 1',2.0000,''),
(111,74,23,10,17,'material','alumunium',2.0000,''),
(112,74,23,11,19,'Size','11',1.0000,''),
(113,74,23,12,21,'Tes','tes 1',2.0000,''),
(114,75,23,10,17,'material','alumunium',2.0000,''),
(115,75,23,11,19,'Size','11',1.0000,''),
(116,75,23,12,21,'Tes','tes 1',2.0000,''),
(117,76,23,10,17,'material','alumunium',2.0000,''),
(118,76,23,11,19,'Size','11',1.0000,''),
(119,76,23,12,21,'Tes','tes 1',2.0000,''),
(120,77,23,10,17,'material','alumunium',2.0000,''),
(121,77,23,11,19,'Size','11',1.0000,''),
(122,77,23,12,21,'Tes','tes 1',2.0000,''),
(123,78,23,10,17,'material','alumunium',2.0000,''),
(124,78,23,11,19,'Size','11',1.0000,''),
(125,78,23,12,21,'Tes','tes 1',2.0000,''),
(126,79,23,10,17,'material','alumunium',2.0000,''),
(127,79,23,11,19,'Size','11',1.0000,''),
(128,79,23,12,21,'Tes','tes 1',2.0000,''),
(129,80,23,10,17,'material','alumunium',2.0000,''),
(130,80,23,11,19,'Size','11',1.0000,''),
(131,80,23,12,21,'Tes','tes 1',2.0000,''),
(132,81,23,10,17,'material','alumunium',2.0000,''),
(133,81,23,11,19,'Size','11',1.0000,''),
(134,81,23,12,21,'Tes','tes 1',2.0000,''),
(135,82,23,10,17,'material','alumunium',2.0000,''),
(136,82,23,11,19,'Size','11',1.0000,''),
(137,82,23,12,21,'Tes','tes 1',2.0000,''),
(138,83,23,10,17,'material','alumunium',2.0000,''),
(139,83,23,11,19,'Size','11',1.0000,''),
(140,83,23,12,21,'Tes','tes 1',2.0000,''),
(141,84,23,10,17,'material','alumunium',2.0000,''),
(142,84,23,11,19,'Size','11',1.0000,''),
(143,84,23,12,21,'Tes','tes 1',2.0000,''),
(144,85,23,10,17,'material','alumunium',2.0000,''),
(145,85,23,11,19,'Size','11',1.0000,''),
(146,85,23,12,21,'Tes','tes 1',2.0000,''),
(147,86,23,10,17,'material','alumunium',2.0000,''),
(148,86,23,11,19,'Size','11',1.0000,''),
(149,86,23,12,21,'Tes','tes 1',2.0000,''),
(150,87,23,10,17,'material','alumunium',2.0000,''),
(151,87,23,11,19,'Size','11',1.0000,''),
(152,87,23,12,21,'Tes','tes 1',2.0000,''),
(153,88,23,10,17,'material','alumunium',2.0000,''),
(154,88,23,11,19,'Size','11',1.0000,''),
(155,88,23,12,21,'Tes','tes 1',2.0000,''),
(156,89,23,10,17,'material','alumunium',2.0000,''),
(157,89,23,11,19,'Size','11',1.0000,''),
(158,89,23,12,21,'Tes','tes 1',2.0000,''),
(159,90,23,10,17,'material','alumunium',2.0000,''),
(160,90,23,11,19,'Size','11',1.0000,''),
(161,90,23,12,21,'Tes','tes 1',2.0000,''),
(162,91,23,10,17,'material','alumunium',2.0000,''),
(163,91,23,11,19,'Size','11',1.0000,''),
(164,91,23,12,21,'Tes','tes 1',2.0000,''),
(165,92,23,10,17,'material','alumunium',2.0000,''),
(166,92,23,11,19,'Size','11',1.0000,''),
(167,92,23,12,21,'Tes','tes 1',2.0000,''),
(168,93,23,10,17,'material','alumunium',2.0000,''),
(169,93,23,11,19,'Size','11',1.0000,''),
(170,93,23,12,21,'Tes','tes 1',2.0000,''),
(171,94,23,10,17,'material','alumunium',2.0000,''),
(172,94,23,11,19,'Size','11',1.0000,''),
(173,94,23,12,21,'Tes','tes 1',2.0000,''),
(174,95,23,10,17,'material','alumunium',2.0000,''),
(175,95,23,11,19,'Size','11',1.0000,''),
(176,95,23,12,21,'Tes','tes 1',2.0000,''),
(177,96,23,10,17,'material','alumunium',2.0000,''),
(178,96,23,11,19,'Size','11',1.0000,''),
(179,96,23,12,21,'Tes','tes 1',2.0000,''),
(180,97,23,10,17,'material','alumunium',2.0000,''),
(181,97,23,11,19,'Size','11',1.0000,''),
(182,97,23,12,21,'Tes','tes 1',2.0000,''),
(183,98,23,10,17,'material','alumunium',2.0000,''),
(184,98,23,11,19,'Size','11',1.0000,''),
(185,98,23,12,21,'Tes','tes 1',2.0000,''),
(186,99,23,10,17,'material','alumunium',2.0000,''),
(187,99,23,11,19,'Size','11',1.0000,''),
(188,99,23,12,21,'Tes','tes 1',2.0000,''),
(189,100,23,10,17,'material','alumunium',2.0000,''),
(190,100,23,11,19,'Size','11',1.0000,''),
(191,100,23,12,21,'Tes','tes 1',2.0000,''),
(192,101,23,10,17,'material','alumunium',2.0000,''),
(193,101,23,11,19,'Size','11',1.0000,''),
(194,101,23,12,21,'Tes','tes 1',2.0000,''),
(195,102,23,10,17,'material','alumunium',2.0000,''),
(196,102,23,11,19,'Size','11',1.0000,''),
(197,102,23,12,21,'Tes','tes 1',2.0000,''),
(198,103,23,10,17,'material','alumunium',2.0000,''),
(199,103,23,11,19,'Size','11',1.0000,''),
(200,103,23,12,21,'Tes','tes 1',2.0000,''),
(201,104,23,10,17,'material','alumunium',2.0000,''),
(202,104,23,11,19,'Size','11',1.0000,''),
(203,104,23,12,21,'Tes','tes 1',2.0000,''),
(204,105,23,10,17,'material','alumunium',2.0000,''),
(205,105,23,11,19,'Size','11',1.0000,''),
(206,105,23,12,21,'Tes','tes 1',2.0000,''),
(207,106,23,10,17,'material','alumunium',2.0000,''),
(208,106,23,11,19,'Size','11',1.0000,''),
(209,106,23,12,21,'Tes','tes 1',2.0000,''),
(210,107,23,10,18,'material','emas',3.0000,''),
(211,107,23,11,19,'Size','11',1.0000,''),
(212,107,23,12,22,'Tes','tes2',3.0000,''),
(213,108,23,10,17,'material','alumunium',2.0000,''),
(214,108,23,11,19,'Size','11',1.0000,''),
(215,108,23,12,21,'Tes','tes 1',2.0000,''),
(216,109,23,10,17,'material','alumunium',2.0000,''),
(217,109,23,11,20,'Size','12',2.0000,''),
(218,109,23,12,21,'Tes','tes 1',2.0000,''),
(219,110,23,10,17,'material','alumunium',2.0000,''),
(220,110,23,11,19,'Size','11',1.0000,''),
(221,110,23,12,22,'Tes','tes2',3.0000,''),
(222,111,23,10,17,'material','alumunium',2.0000,''),
(223,111,23,11,19,'Size','11',1.0000,''),
(224,111,23,12,22,'Tes','tes2',3.0000,''),
(225,112,23,10,17,'material','alumunium',2.0000,''),
(226,112,23,11,20,'Size','12',2.0000,''),
(227,112,23,12,21,'Tes','tes 1',2.0000,''),
(228,113,23,16,29,'material','alumunium',2.0000,''),
(229,113,23,17,31,'Size','11',1.0000,''),
(230,113,23,18,33,'Tes','tes 1',2.0000,''),
(231,114,23,16,29,'material','alumunium',2.0000,''),
(232,114,23,17,31,'Size','11',1.0000,''),
(233,114,23,18,33,'Tes','tes 1',2.0000,''),
(234,115,23,17,31,'Size','11',1.0000,''),
(235,115,23,18,33,'Tes','tes 1',2.0000,''),
(236,116,23,16,29,'material','alumunium',2.0000,''),
(237,116,23,17,31,'Size','11',1.0000,''),
(238,116,23,18,33,'Tes','tes 1',2.0000,''),
(239,117,23,16,29,'material','alumunium',2.0000,''),
(240,117,23,17,31,'Size','11',1.0000,''),
(241,117,23,18,33,'Tes','tes 1',2.0000,''),
(242,118,23,16,29,'material','alumunium',2.0000,''),
(243,118,23,17,31,'Size','11',1.0000,''),
(244,118,23,18,34,'Tes','tes2',3.0000,''),
(245,119,23,16,29,'material','alumunium',2.0000,''),
(246,119,23,18,33,'Tes','tes 1',2.0000,''),
(247,120,23,16,29,'material','alumunium',2.0000,''),
(248,120,23,17,31,'Size','11',1.0000,''),
(249,120,23,18,33,'Tes','tes 1',2.0000,''),
(250,121,23,16,29,'material','alumunium',2.0000,''),
(251,121,23,17,31,'Size','11',1.0000,''),
(252,121,23,18,33,'Tes','tes 1',2.0000,''),
(253,122,23,16,29,'material','alumunium',2.0000,''),
(254,122,23,17,31,'Size','11',1.0000,''),
(255,122,23,18,33,'Tes','tes 1',2.0000,''),
(256,123,23,16,29,'material','alumunium',2.0000,''),
(257,123,23,17,31,'Size','11',1.0000,''),
(258,123,23,18,33,'Tes','tes 1',2.0000,''),
(259,124,23,16,29,'material','alumunium',2.0000,''),
(260,124,23,17,31,'Size','11',1.0000,''),
(261,124,23,18,33,'Tes','tes 1',2.0000,''),
(262,125,23,16,29,'material','alumunium',2.0000,''),
(263,125,23,17,31,'Size','11',1.0000,''),
(264,125,23,18,33,'Tes','tes 1',2.0000,''),
(265,126,23,16,29,'material','alumunium',2.0000,''),
(266,126,23,17,31,'Size','11',1.0000,''),
(267,126,23,18,33,'Tes','tes 1',2.0000,''),
(268,127,23,16,29,'material','alumunium',2.0000,''),
(269,127,23,17,31,'Size','11',1.0000,''),
(270,127,23,18,33,'Tes','tes 1',2.0000,''),
(271,128,23,16,29,'material','alumunium',2.0000,''),
(272,128,23,17,31,'Size','11',1.0000,''),
(273,128,23,18,33,'Tes','tes 1',2.0000,''),
(274,129,23,18,33,'Tes','tes 1',2.0000,''),
(275,130,23,18,34,'Tes','tes2',3.0000,''),
(276,131,23,18,34,'Tes','tes2',3.0000,''),
(277,132,23,18,34,'Tes','tes2',3.0000,''),
(278,133,23,18,34,'Tes','tes2',3.0000,''),
(279,134,23,16,30,'material','emas',3.0000,''),
(280,134,23,17,32,'Size','12',2.0000,''),
(281,134,23,18,34,'Tes','tes2',3.0000,''),
(282,135,23,16,29,'material','alumunium',2.0000,''),
(283,135,23,17,31,'Size','11',1.0000,''),
(284,135,23,18,33,'Tes','tes 1',2.0000,''),
(285,136,23,16,29,'material','alumunium',2.0000,''),
(286,136,23,17,32,'Size','12',2.0000,''),
(287,136,23,18,34,'Tes','tes2',3.0000,''),
(288,137,23,16,29,'material','alumunium',2.0000,''),
(289,137,23,17,31,'Size','11',1.0000,''),
(290,137,23,18,33,'Tes','tes 1',2.0000,''),
(291,138,23,16,29,'material','alumunium',2.0000,''),
(292,138,23,17,31,'Size','11',1.0000,''),
(293,138,23,18,33,'Tes','tes 1',2.0000,''),
(294,139,23,16,29,'material','alumunium',2.0000,''),
(295,139,23,17,32,'Size','12',2.0000,''),
(296,139,23,18,33,'Tes','tes 1',2.0000,''),
(297,140,23,16,29,'material','alumunium',2.0000,''),
(298,140,23,17,31,'Size','11',1.0000,''),
(299,140,23,18,33,'Tes','tes 1',2.0000,''),
(300,141,23,16,29,'material','alumunium',2.0000,''),
(301,141,23,17,31,'Size','11',1.0000,''),
(302,141,23,18,33,'Tes','tes 1',2.0000,''),
(303,142,23,16,30,'material','emas',3.0000,''),
(304,142,23,17,31,'Size','11',1.0000,''),
(305,142,23,18,33,'Tes','tes 1',2.0000,''),
(306,143,23,16,29,'material','alumunium',2.0000,''),
(307,143,23,17,31,'Size','11',1.0000,''),
(308,143,23,18,33,'Tes','tes 1',2.0000,''),
(309,144,23,16,29,'material','alumunium',2.0000,''),
(310,144,23,17,31,'Size','11',1.0000,''),
(311,144,23,18,33,'Tes','tes 1',2.0000,''),
(312,145,23,16,29,'material','alumunium',2.0000,''),
(313,145,23,17,31,'Size','11',1.0000,''),
(314,145,23,18,33,'Tes','tes 1',2.0000,''),
(315,146,23,16,29,'material','alumunium',2.0000,''),
(316,146,23,17,31,'Size','11',1.0000,''),
(317,146,23,18,33,'Tes','tes 1',2.0000,''),
(318,147,23,16,29,'material','alumunium',2.0000,''),
(319,147,23,17,31,'Size','11',1.0000,''),
(320,147,23,18,34,'Tes','tes2',3.0000,''),
(321,148,23,16,29,'material','alumunium',2.0000,''),
(322,148,23,17,31,'Size','11',1.0000,''),
(323,148,23,18,33,'Tes','tes 1',2.0000,''),
(324,161,23,16,29,'material','alumunium',2.0000,''),
(325,161,23,17,31,'Size','11',1.0000,''),
(326,161,23,18,33,'Tes','tes 1',2.0000,''),
(327,162,23,16,29,'material','alumunium',2.0000,''),
(328,162,23,17,32,'Size','12',2.0000,''),
(329,162,23,18,33,'Tes','tes 1',2.0000,''),
(330,163,23,16,29,'material','alumunium',2.0000,''),
(331,163,23,17,32,'Size','12',2.0000,''),
(332,163,23,18,33,'Tes','tes 1',2.0000,''),
(333,164,23,16,29,'material','alumunium',2.0000,''),
(334,164,23,17,31,'Size','11',1.0000,''),
(335,164,23,18,33,'Tes','tes 1',2.0000,''),
(336,165,23,16,29,'material','alumunium',2.0000,''),
(337,165,23,17,32,'Size','12',2.0000,''),
(338,165,23,18,33,'Tes','tes 1',2.0000,''),
(339,166,23,16,29,'material','alumunium',2.0000,''),
(340,166,23,17,31,'Size','11',1.0000,''),
(341,166,23,18,33,'Tes','tes 1',2.0000,''),
(342,167,23,16,29,'material','alumunium',2.0000,''),
(343,167,23,17,31,'Size','11',1.0000,''),
(344,167,23,18,33,'Tes','tes 1',2.0000,''),
(345,168,23,16,29,'material','alumunium',2.0000,''),
(346,168,23,17,31,'Size','11',1.0000,''),
(347,168,23,18,33,'Tes','tes 1',2.0000,''),
(348,169,23,16,29,'material','alumunium',2.0000,''),
(349,169,23,17,32,'Size','12',2.0000,''),
(350,169,23,18,33,'Tes','tes 1',2.0000,''),
(351,170,23,16,29,'material','alumunium',2.0000,''),
(352,170,23,17,31,'Size','11',1.0000,''),
(353,170,23,18,33,'Tes','tes 1',2.0000,''),
(354,171,23,16,29,'material','alumunium',2.0000,''),
(355,171,23,17,31,'Size','11',1.0000,''),
(356,171,23,18,33,'Tes','tes 1',2.0000,''),
(357,172,23,16,29,'material','alumunium',2.0000,''),
(358,172,23,17,31,'Size','11',1.0000,''),
(359,172,23,18,33,'Tes','tes 1',2.0000,''),
(360,173,23,16,29,'material','alumunium',2.0000,''),
(361,173,23,17,31,'Size','11',1.0000,''),
(362,173,23,18,33,'Tes','tes 1',2.0000,''),
(363,174,23,16,29,'material','alumunium',2.0000,''),
(364,174,23,17,31,'Size','11',1.0000,''),
(365,174,23,18,33,'Tes','tes 1',2.0000,''),
(366,175,23,16,29,'material','alumunium',2.0000,''),
(367,175,23,17,31,'Size','11',1.0000,''),
(368,175,23,18,33,'Tes','tes 1',2.0000,''),
(369,176,23,16,29,'material','alumunium',2.0000,''),
(370,176,23,17,31,'Size','11',1.0000,''),
(371,176,23,18,33,'Tes','tes 1',2.0000,''),
(372,177,23,16,29,'material','alumunium',2.0000,''),
(373,177,23,18,33,'Tes','tes 1',2.0000,''),
(374,178,23,16,30,'material','emas',3.0000,''),
(375,179,23,16,29,'material','alumunium',2.0000,''),
(376,179,23,17,31,'Size','11',1.0000,''),
(377,179,23,18,33,'Tes','tes 1',2.0000,''),
(378,180,23,16,29,'material','alumunium',2.0000,''),
(379,180,23,17,31,'Size','11',1.0000,''),
(380,180,23,18,33,'Tes','tes 1',2.0000,''),
(381,181,23,16,29,'material','alumunium',2.0000,''),
(382,181,23,17,31,'Size','11',1.0000,''),
(383,181,23,18,33,'Tes','tes 1',2.0000,''),
(384,182,23,16,29,'material','alumunium',2.0000,''),
(385,182,23,17,31,'Size','11',1.0000,''),
(386,182,23,18,33,'Tes','tes 1',2.0000,''),
(387,185,23,16,29,'material','alumunium',2.0000,''),
(388,185,23,17,31,'Size','11',1.0000,''),
(389,185,23,18,33,'Tes','tes 1',2.0000,''),
(390,186,23,16,29,'material','alumunium',2.0000,''),
(391,186,23,17,32,'Size','12',2.0000,''),
(392,186,23,18,33,'Tes','tes 1',2.0000,''),
(393,187,23,16,30,'material','emas',3.0000,''),
(394,187,23,17,31,'Size','11',1.0000,''),
(395,187,23,18,33,'Tes','tes 1',2.0000,''),
(396,193,23,16,29,'material','alumunium',2.0000,''),
(397,193,23,17,31,'Size','11',1.0000,''),
(398,193,23,18,33,'Tes','tes 1',2.0000,''),
(399,194,23,85,167,'material','alumunium',2.0000,''),
(400,194,23,86,169,'Size','11',1.0000,''),
(401,194,23,87,171,'Tes','tes 1',2.0000,'');

/*Table structure for table `order_product` */

DROP TABLE IF EXISTS `order_product`;

CREATE TABLE `order_product` (
  `order_product_id` int(11) NOT NULL AUTO_INCREMENT,
  `order_id` int(11) NOT NULL,
  `product_id` int(11) NOT NULL,
  `name` varchar(255) NOT NULL,
  `category` varchar(64) NOT NULL,
  `quantity` int(4) NOT NULL,
  `price` decimal(15,4) NOT NULL DEFAULT '0.0000',
  `total` decimal(15,4) NOT NULL DEFAULT '0.0000',
  PRIMARY KEY (`order_product_id`)
) ENGINE=MyISAM AUTO_INCREMENT=349 DEFAULT CHARSET=utf8;

/*Data for the table `order_product` */

insert  into `order_product`(`order_product_id`,`order_id`,`product_id`,`name`,`category`,`quantity`,`price`,`total`) values 
(198,83,23,'Natural Solid Lightning Ridge Polished Black Opal with Multi-Color Both Sides.','Solid Black Opal',0,435.0000,628.9900),
(196,82,23,'Natural Solid Lightning Ridge Polished Black Opal with Multi-Color Both Sides.','Solid Black Opal',0,435.0000,628.9900),
(197,82,24,'Lightning Ridge Natural Solid Polished Black Opal with Multi-Color Fires.','Solid Black Opal',0,188.9900,628.9900),
(195,81,24,'Lightning Ridge Natural Solid Polished Black Opal with Multi-Color Fires.','Solid Black Opal',0,188.9900,628.9900),
(194,81,23,'Natural Solid Lightning Ridge Polished Black Opal with Multi-Color Both Sides.','Solid Black Opal',0,435.0000,628.9900),
(193,80,24,'Lightning Ridge Natural Solid Polished Black Opal with Multi-Color Fires.','Solid Black Opal',0,188.9900,628.9900),
(191,79,24,'Lightning Ridge Natural Solid Polished Black Opal with Multi-Color Fires.','Solid Black Opal',0,188.9900,628.9900),
(192,80,23,'Natural Solid Lightning Ridge Polished Black Opal with Multi-Color Both Sides.','Solid Black Opal',0,435.0000,628.9900),
(190,79,23,'Natural Solid Lightning Ridge Polished Black Opal with Multi-Color Both Sides.','Solid Black Opal',0,435.0000,628.9900),
(189,78,24,'Lightning Ridge Natural Solid Polished Black Opal with Multi-Color Fires.','Solid Black Opal',0,188.9900,628.9900),
(188,78,23,'Natural Solid Lightning Ridge Polished Black Opal with Multi-Color Both Sides.','Solid Black Opal',0,435.0000,628.9900),
(187,77,24,'Lightning Ridge Natural Solid Polished Black Opal with Multi-Color Fires.','Solid Black Opal',0,188.9900,628.9900),
(186,77,23,'Natural Solid Lightning Ridge Polished Black Opal with Multi-Color Both Sides.','Solid Black Opal',0,435.0000,628.9900),
(185,76,24,'Lightning Ridge Natural Solid Polished Black Opal with Multi-Color Fires.','Solid Black Opal',0,188.9900,628.9900),
(184,76,23,'Natural Solid Lightning Ridge Polished Black Opal with Multi-Color Both Sides.','Solid Black Opal',0,435.0000,628.9900),
(183,75,24,'Lightning Ridge Natural Solid Polished Black Opal with Multi-Color Fires.','Solid Black Opal',0,188.9900,628.9900),
(182,75,23,'Natural Solid Lightning Ridge Polished Black Opal with Multi-Color Both Sides.','Solid Black Opal',0,435.0000,628.9900),
(181,74,23,'Natural Solid Lightning Ridge Polished Black Opal with Multi-Color Both Sides.','Solid Black Opal',0,435.0000,440.0000),
(180,73,23,'Natural Solid Lightning Ridge Polished Black Opal with Multi-Color Both Sides.','Solid Black Opal',0,435.0000,440.0000),
(179,72,23,'Natural Solid Lightning Ridge Polished Black Opal with Multi-Color Both Sides.','Solid Black Opal',0,435.0000,440.0000),
(177,70,23,'Natural Solid Lightning Ridge Polished Black Opal with Multi-Color Both Sides.','Solid Black Opal',0,435.0000,440.0000),
(178,71,23,'Natural Solid Lightning Ridge Polished Black Opal with Multi-Color Both Sides.','Solid Black Opal',0,435.0000,440.0000),
(176,69,23,'Natural Solid Lightning Ridge Polished Black Opal with Multi-Color Both Sides.','Solid Black Opal',0,435.0000,440.0000),
(175,68,23,'Natural Solid Lightning Ridge Polished Black Opal with Multi-Color Both Sides.','Solid Black Opal',0,239.9900,244.9900),
(174,67,24,'Lightning Ridge Natural Solid Polished Black Opal with Multi-Color Fires.','Solid Black Opal',1,188.9900,430.9900),
(173,67,23,'Natural Solid Lightning Ridge Polished Black Opal with Multi-Color Both Sides.','Solid Black Opal',1,239.0000,430.9900),
(172,66,24,'Lightning Ridge Natural Solid Polished Black Opal with Multi-Color Fires.','Solid Black Opal',1,188.9900,430.9900),
(171,66,23,'Natural Solid Lightning Ridge Polished Black Opal with Multi-Color Both Sides.','Solid Black Opal',1,239.0000,430.9900),
(170,65,24,'Lightning Ridge Natural Solid Polished Black Opal with Multi-Color Fires.','Solid Black Opal',1,188.9900,430.9900),
(169,65,23,'Natural Solid Lightning Ridge Polished Black Opal with Multi-Color Both Sides.','Solid Black Opal',1,239.0000,430.9900),
(168,64,24,'Lightning Ridge Natural Solid Polished Black Opal with Multi-Color Fires.','Solid Black Opal',1,188.9900,430.9900),
(167,64,23,'Natural Solid Lightning Ridge Polished Black Opal with Multi-Color Both Sides.','Solid Black Opal',1,239.0000,430.9900),
(166,63,24,'Lightning Ridge Natural Solid Polished Black Opal with Multi-Color Fires.','Solid Black Opal',1,188.9900,430.9900),
(165,63,23,'Natural Solid Lightning Ridge Polished Black Opal with Multi-Color Both Sides.','Solid Black Opal',1,239.0000,430.9900),
(164,62,24,'Lightning Ridge Natural Solid Polished Black Opal with Multi-Color Fires.','Solid Black Opal',1,188.9900,430.9900),
(163,62,23,'Natural Solid Lightning Ridge Polished Black Opal with Multi-Color Both Sides.','Solid Black Opal',1,239.0000,430.9900),
(162,61,24,'Lightning Ridge Natural Solid Polished Black Opal with Multi-Color Fires.','Solid Black Opal',1,188.9900,430.9900),
(161,61,23,'Natural Solid Lightning Ridge Polished Black Opal with Multi-Color Both Sides.','Solid Black Opal',1,239.0000,430.9900),
(160,60,29,'Natural Lightning Ridge Solid Polished Black Opal with Green Blue Color Fires.','Solid Black Opal',1,124.9900,555.9800),
(158,60,23,'Natural Solid Lightning Ridge Polished Black Opal with Multi-Color Both Sides.','Solid Black Opal',1,239.0000,555.9800),
(159,60,24,'Lightning Ridge Natural Solid Polished Black Opal with Multi-Color Fires.','Solid Black Opal',1,188.9900,555.9800),
(157,59,23,'Natural Solid Lightning Ridge Polished Black Opal with Multi-Color Both Sides.','Solid Black Opal',1,239.0000,242.0000),
(156,58,24,'Lightning Ridge Natural Solid Polished Black Opal with Multi-Color Fires.','Solid Black Opal',1,188.9900,430.9900),
(155,58,23,'Natural Solid Lightning Ridge Polished Black Opal with Multi-Color Both Sides.','Solid Black Opal',1,239.0000,430.9900),
(153,57,23,'Natural Solid Lightning Ridge Polished Black Opal with Multi-Color Both Sides.','Solid Black Opal',1,239.0000,368.9900),
(154,57,29,'Natural Lightning Ridge Solid Polished Black Opal with Green Blue Color Fires.','Solid Black Opal',1,124.9900,368.9900),
(199,83,24,'Lightning Ridge Natural Solid Polished Black Opal with Multi-Color Fires.','Solid Black Opal',0,188.9900,628.9900),
(200,84,23,'Natural Solid Lightning Ridge Polished Black Opal with Multi-Color Both Sides.','Solid Black Opal',0,435.0000,628.9900),
(201,84,24,'Lightning Ridge Natural Solid Polished Black Opal with Multi-Color Fires.','Solid Black Opal',0,188.9900,628.9900),
(202,85,23,'Natural Solid Lightning Ridge Polished Black Opal with Multi-Color Both Sides.','Solid Black Opal',0,435.0000,628.9900),
(203,85,24,'Lightning Ridge Natural Solid Polished Black Opal with Multi-Color Fires.','Solid Black Opal',0,188.9900,628.9900),
(204,86,23,'Natural Solid Lightning Ridge Polished Black Opal with Multi-Color Both Sides.','Solid Black Opal',0,435.0000,628.9900),
(205,86,24,'Lightning Ridge Natural Solid Polished Black Opal with Multi-Color Fires.','Solid Black Opal',0,188.9900,628.9900),
(206,87,23,'Natural Solid Lightning Ridge Polished Black Opal with Multi-Color Both Sides.','Solid Black Opal',0,435.0000,628.9900),
(207,87,24,'Lightning Ridge Natural Solid Polished Black Opal with Multi-Color Fires.','Solid Black Opal',0,188.9900,628.9900),
(208,88,23,'Natural Solid Lightning Ridge Polished Black Opal with Multi-Color Both Sides.','Solid Black Opal',0,435.0000,628.9900),
(209,88,24,'Lightning Ridge Natural Solid Polished Black Opal with Multi-Color Fires.','Solid Black Opal',0,188.9900,628.9900),
(210,89,23,'Natural Solid Lightning Ridge Polished Black Opal with Multi-Color Both Sides.','Solid Black Opal',0,435.0000,628.9900),
(211,89,24,'Lightning Ridge Natural Solid Polished Black Opal with Multi-Color Fires.','Solid Black Opal',0,188.9900,628.9900),
(212,90,23,'Natural Solid Lightning Ridge Polished Black Opal with Multi-Color Both Sides.','Solid Black Opal',0,435.0000,440.0000),
(213,91,23,'Natural Solid Lightning Ridge Polished Black Opal with Multi-Color Both Sides.','Solid Black Opal',0,435.0000,440.0000),
(214,92,23,'Natural Solid Lightning Ridge Polished Black Opal with Multi-Color Both Sides.','Solid Black Opal',0,435.0000,0.0000),
(215,93,23,'Natural Solid Lightning Ridge Polished Black Opal with Multi-Color Both Sides.','Solid Black Opal',0,435.0000,0.0000),
(216,94,23,'Natural Solid Lightning Ridge Polished Black Opal with Multi-Color Both Sides.','Solid Black Opal',0,435.0000,0.0000),
(217,95,23,'Natural Solid Lightning Ridge Polished Black Opal with Multi-Color Both Sides.','Solid Black Opal',0,435.0000,0.0000),
(218,96,23,'Natural Solid Lightning Ridge Polished Black Opal with Multi-Color Both Sides.','Solid Black Opal',0,435.0000,0.0000),
(219,97,23,'Natural Solid Lightning Ridge Polished Black Opal with Multi-Color Both Sides.','Solid Black Opal',0,435.0000,0.0000),
(220,98,23,'Natural Solid Lightning Ridge Polished Black Opal with Multi-Color Both Sides.','Solid Black Opal',0,435.0000,0.0000),
(221,99,23,'Natural Solid Lightning Ridge Polished Black Opal with Multi-Color Both Sides.','Solid Black Opal',0,435.0000,0.0000),
(222,100,23,'Natural Solid Lightning Ridge Polished Black Opal with Multi-Color Both Sides.','Solid Black Opal',0,435.0000,0.0000),
(223,101,23,'Natural Solid Lightning Ridge Polished Black Opal with Multi-Color Both Sides.','Solid Black Opal',0,435.0000,0.0000),
(224,102,23,'Natural Solid Lightning Ridge Polished Black Opal with Multi-Color Both Sides.','Solid Black Opal',0,435.0000,0.0000),
(225,103,23,'Natural Solid Lightning Ridge Polished Black Opal with Multi-Color Both Sides.','Solid Black Opal',0,435.0000,0.0000),
(226,104,23,'Natural Solid Lightning Ridge Polished Black Opal with Multi-Color Both Sides.','Solid Black Opal',0,435.0000,0.0000),
(227,105,23,'Natural Solid Lightning Ridge Polished Black Opal with Multi-Color Both Sides.','Solid Black Opal',0,435.0000,440.0000),
(228,106,23,'Natural Solid Lightning Ridge Polished Black Opal with Multi-Color Both Sides.','Solid Black Opal',0,435.0000,440.0000),
(229,107,23,'Natural Solid Lightning Ridge Polished Black Opal with Multi-Color Both Sides.','Solid Black Opal',0,435.0000,442.0000),
(230,108,23,'Natural Solid Lightning Ridge Polished Black Opal with Multi-Color Both Sides.','Solid Black Opal',0,435.0000,440.0000),
(231,109,23,'Natural Solid Lightning Ridge Polished Black Opal with Multi-Color Both Sides.','Solid Black Opal',0,435.0000,441.0000),
(232,110,23,'Natural Solid Lightning Ridge Polished Black Opal with Multi-Color Both Sides.','Solid Black Opal',0,435.0000,441.0000),
(233,111,23,'Natural Solid Lightning Ridge Polished Black Opal with Multi-Color Both Sides.','Solid Black Opal',0,435.0000,441.0000),
(234,112,23,'Natural Solid Lightning Ridge Polished Black Opal with Multi-Color Both Sides.','Solid Black Opal',0,435.0000,441.0000),
(235,113,23,'Natural Solid Lightning Ridge Polished Black Opal with Multi-Color Both Sides.','Solid Black Opal',1,239.9900,244.9900),
(236,114,23,'Natural Solid Lightning Ridge Polished Black Opal with Multi-Color Both Sides.','Solid Black Opal',1,239.9900,244.9900),
(237,115,23,'Natural Solid Lightning Ridge Polished Black Opal with Multi-Color Both Sides.','Solid Black Opal',1,239.9900,242.9900),
(238,116,23,'Natural Solid Lightning Ridge Polished Black Opal with Multi-Color Both Sides.','Solid Black Opal',1,239.9900,244.9900),
(239,117,23,'Natural Solid Lightning Ridge Polished Black Opal with Multi-Color Both Sides.','Solid Black Opal',1,239.9900,244.9900),
(240,118,23,'Natural Solid Lightning Ridge Polished Black Opal with Multi-Color Both Sides.','Solid Black Opal',1,239.9900,245.9900),
(241,119,23,'Natural Solid Lightning Ridge Polished Black Opal with Multi-Color Both Sides.','Solid Black Opal',1,239.9900,243.9900),
(242,120,23,'Natural Solid Lightning Ridge Polished Black Opal with Multi-Color Both Sides.','Solid Black Opal',1,239.9900,244.9900),
(243,121,23,'Natural Solid Lightning Ridge Polished Black Opal with Multi-Color Both Sides.','Solid Black Opal',1,239.9900,244.9900),
(244,122,23,'Natural Solid Lightning Ridge Polished Black Opal with Multi-Color Both Sides.','Solid Black Opal',1,239.9900,244.9900),
(245,123,23,'Natural Solid Lightning Ridge Polished Black Opal with Multi-Color Both Sides.','Solid Black Opal',1,239.9900,244.9900),
(246,124,23,'Natural Solid Lightning Ridge Polished Black Opal with Multi-Color Both Sides.','Solid Black Opal',1,239.9900,244.9900),
(247,125,23,'Natural Solid Lightning Ridge Polished Black Opal with Multi-Color Both Sides.','Solid Black Opal',1,239.9900,244.9900),
(248,126,23,'Natural Solid Lightning Ridge Polished Black Opal with Multi-Color Both Sides.','Solid Black Opal',1,239.9900,244.9900),
(249,127,23,'Natural Solid Lightning Ridge Polished Black Opal with Multi-Color Both Sides.','Solid Black Opal',1,239.9900,244.9900),
(250,128,23,'Natural Solid Lightning Ridge Polished Black Opal with Multi-Color Both Sides.','Solid Black Opal',1,239.9900,244.9900),
(251,129,23,'Natural Solid Lightning Ridge Polished Black Opal with Multi-Color Both Sides.','Solid Black Opal',1,239.9900,241.9900),
(252,130,23,'Natural Solid Lightning Ridge Polished Black Opal with Multi-Color Both Sides.','Solid Black Opal',1,239.9900,242.9900),
(253,131,23,'Natural Solid Lightning Ridge Polished Black Opal with Multi-Color Both Sides.','Solid Black Opal',1,239.9900,242.9900),
(254,132,23,'Natural Solid Lightning Ridge Polished Black Opal with Multi-Color Both Sides.','Solid Black Opal',1,239.9900,242.9900),
(255,133,23,'Natural Solid Lightning Ridge Polished Black Opal with Multi-Color Both Sides.','Solid Black Opal',1,239.9900,242.9900),
(256,134,23,'Natural Solid Lightning Ridge Polished Black Opal with Multi-Color Both Sides.','Solid Black Opal',1,239.9900,247.9900),
(257,135,23,'Natural Solid Lightning Ridge Polished Black Opal with Multi-Color Both Sides.','Solid Black Opal',1,239.9900,244.9900),
(258,136,23,'Natural Solid Lightning Ridge Polished Black Opal with Multi-Color Both Sides.','Solid Black Opal',1,239.9900,246.9900),
(259,137,23,'Natural Solid Lightning Ridge Polished Black Opal with Multi-Color Both Sides.','Solid Black Opal',1,239.9900,244.9900),
(260,138,23,'Natural Solid Lightning Ridge Polished Black Opal with Multi-Color Both Sides.','Solid Black Opal',1,239.9900,244.9900),
(261,139,23,'Natural Solid Lightning Ridge Polished Black Opal with Multi-Color Both Sides.','Solid Black Opal',2,239.9900,245.9900),
(262,140,23,'Natural Solid Lightning Ridge Polished Black Opal with Multi-Color Both Sides.','Solid Black Opal',1,239.9900,244.9900),
(263,141,23,'Natural Solid Lightning Ridge Polished Black Opal with Multi-Color Both Sides.','Solid Black Opal',1,239.9900,244.9900),
(264,142,23,'Natural Solid Lightning Ridge Polished Black Opal with Multi-Color Both Sides.','Solid Black Opal',1,239.9900,245.9900),
(265,143,23,'Natural Solid Lightning Ridge Polished Black Opal with Multi-Color Both Sides.','Solid Black Opal',1,239.9900,244.9900),
(266,144,23,'Natural Solid Lightning Ridge Polished Black Opal with Multi-Color Both Sides.','Solid Black Opal',1,239.9900,244.9900),
(267,145,23,'Natural Solid Lightning Ridge Polished Black Opal with Multi-Color Both Sides.','Solid Black Opal',1,239.9900,244.9900),
(268,146,23,'Natural Solid Lightning Ridge Polished Black Opal with Multi-Color Both Sides.','Solid Black Opal',1,239.9900,244.9900),
(269,147,23,'Natural Solid Lightning Ridge Polished Black Opal with Multi-Color Both Sides.','Solid Black Opal',1,239.9900,434.9800),
(270,147,24,'Lightning Ridge Natural Solid Polished Black Opal with Multi-Color Fires.','Solid Black Opal',1,188.9900,434.9800),
(271,148,23,'Natural Solid Lightning Ridge Polished Black Opal with Multi-Color Both Sides.','Solid Black Opal',1,239.9900,244.9900),
(272,149,24,'Lightning Ridge Natural Solid Polished Black Opal with Multi-Color Fires.','Solid Black Opal',1,188.9900,188.9900),
(273,150,29,'Natural Lightning Ridge Solid Polished Black Opal with Green Blue Color Fires.','Solid Black Opal',1,124.9900,124.9900),
(274,151,24,'Lightning Ridge Natural Solid Polished Black Opal with Multi-Color Fires.','Solid Black Opal',1,188.9900,188.9900),
(275,153,24,'Lightning Ridge Natural Solid Polished Black Opal with Multi-Color Fires.','Solid Black Opal',1,188.9900,188.9900),
(276,154,29,'Natural Lightning Ridge Solid Polished Black Opal with Green Blue Color Fires.','Solid Black Opal',1,124.9900,124.9900),
(277,155,24,'Lightning Ridge Natural Solid Polished Black Opal with Multi-Color Fires.','Solid Black Opal',1,188.9900,188.9900),
(278,156,24,'Lightning Ridge Natural Solid Polished Black Opal with Multi-Color Fires.','Solid Black Opal',1,188.9900,188.9900),
(279,157,24,'Lightning Ridge Natural Solid Polished Black Opal with Multi-Color Fires.','Solid Black Opal',1,188.9900,188.9900),
(280,158,24,'Lightning Ridge Natural Solid Polished Black Opal with Multi-Color Fires.','Solid Black Opal',1,188.9900,188.9900),
(281,159,24,'Lightning Ridge Natural Solid Polished Black Opal with Multi-Color Fires.','Solid Black Opal',1,188.9900,188.9900),
(282,160,24,'Lightning Ridge Natural Solid Polished Black Opal with Multi-Color Fires.','Solid Black Opal',1,188.9900,188.9900),
(283,161,23,'Natural Solid Lightning Ridge Polished Black Opal with Multi-Color Both Sides.','Solid Black Opal',1,239.9900,433.9800),
(284,161,24,'Lightning Ridge Natural Solid Polished Black Opal with Multi-Color Fires.','Solid Black Opal',1,188.9900,433.9800),
(285,162,23,'Natural Solid Lightning Ridge Polished Black Opal with Multi-Color Both Sides.','Solid Black Opal',1,239.9900,434.9800),
(286,162,24,'Lightning Ridge Natural Solid Polished Black Opal with Multi-Color Fires.','Solid Black Opal',1,188.9900,434.9800),
(287,163,23,'Natural Solid Lightning Ridge Polished Black Opal with Multi-Color Both Sides.','Solid Black Opal',1,239.9900,434.9800),
(288,163,24,'Lightning Ridge Natural Solid Polished Black Opal with Multi-Color Fires.','Solid Black Opal',1,188.9900,434.9800),
(289,164,23,'Natural Solid Lightning Ridge Polished Black Opal with Multi-Color Both Sides.','Solid Black Opal',1,239.9900,433.9800),
(290,164,24,'Lightning Ridge Natural Solid Polished Black Opal with Multi-Color Fires.','Solid Black Opal',1,188.9900,433.9800),
(291,165,23,'Natural Solid Lightning Ridge Polished Black Opal with Multi-Color Both Sides.','Solid Black Opal',1,239.9900,434.9800),
(292,165,24,'Lightning Ridge Natural Solid Polished Black Opal with Multi-Color Fires.','Solid Black Opal',1,188.9900,434.9800),
(293,166,23,'Natural Solid Lightning Ridge Polished Black Opal with Multi-Color Both Sides.','Solid Black Opal',1,239.9900,433.9800),
(294,166,24,'Lightning Ridge Natural Solid Polished Black Opal with Multi-Color Fires.','Solid Black Opal',1,188.9900,433.9800),
(295,167,23,'Natural Solid Lightning Ridge Polished Black Opal with Multi-Color Both Sides.','Solid Black Opal',1,239.9900,433.9800),
(296,167,24,'Lightning Ridge Natural Solid Polished Black Opal with Multi-Color Fires.','Solid Black Opal',1,188.9900,433.9800),
(297,168,23,'Natural Solid Lightning Ridge Polished Black Opal with Multi-Color Both Sides.','Solid Black Opal',1,239.9900,433.9800),
(298,168,24,'Lightning Ridge Natural Solid Polished Black Opal with Multi-Color Fires.','Solid Black Opal',1,188.9900,433.9800),
(299,169,23,'Natural Solid Lightning Ridge Polished Black Opal with Multi-Color Both Sides.','Solid Black Opal',1,239.9900,434.9800),
(300,169,24,'Lightning Ridge Natural Solid Polished Black Opal with Multi-Color Fires.','Solid Black Opal',1,188.9900,434.9800),
(301,170,24,'Lightning Ridge Natural Solid Polished Black Opal with Multi-Color Fires.','Solid Black Opal',1,188.9900,433.9800),
(302,170,23,'Natural Solid Lightning Ridge Polished Black Opal with Multi-Color Both Sides.','Solid Black Opal',1,239.9900,433.9800),
(303,171,23,'Natural Solid Lightning Ridge Polished Black Opal with Multi-Color Both Sides.','Solid Black Opal',1,239.9900,433.9800),
(304,171,24,'Lightning Ridge Natural Solid Polished Black Opal with Multi-Color Fires.','Solid Black Opal',1,188.9900,433.9800),
(305,172,23,'Natural Solid Lightning Ridge Polished Black Opal with Multi-Color Both Sides.','Solid Black Opal',1,239.9900,433.9800),
(306,172,24,'Lightning Ridge Natural Solid Polished Black Opal with Multi-Color Fires.','Solid Black Opal',1,188.9900,433.9800),
(307,173,23,'Natural Solid Lightning Ridge Polished Black Opal with Multi-Color Both Sides.','Solid Black Opal',1,239.9900,433.9800),
(308,173,24,'Lightning Ridge Natural Solid Polished Black Opal with Multi-Color Fires.','Solid Black Opal',1,188.9900,433.9800),
(309,174,23,'Natural Solid Lightning Ridge Polished Black Opal with Multi-Color Both Sides.','Solid Black Opal',1,239.9900,433.9800),
(310,174,24,'Lightning Ridge Natural Solid Polished Black Opal with Multi-Color Fires.','Solid Black Opal',1,188.9900,433.9800),
(311,175,23,'Natural Solid Lightning Ridge Polished Black Opal with Multi-Color Both Sides.','Solid Black Opal',1,239.9900,433.9800),
(312,175,24,'Lightning Ridge Natural Solid Polished Black Opal with Multi-Color Fires.','Solid Black Opal',1,188.9900,433.9800),
(313,176,23,'Natural Solid Lightning Ridge Polished Black Opal with Multi-Color Both Sides.','Solid Black Opal',1,239.9900,433.9800),
(314,176,24,'Lightning Ridge Natural Solid Polished Black Opal with Multi-Color Fires.','Solid Black Opal',1,188.9900,433.9800),
(315,177,23,'Natural Solid Lightning Ridge Polished Black Opal with Multi-Color Both Sides.','Solid Black Opal',1,239.9900,368.9800),
(316,177,29,'Natural Lightning Ridge Solid Polished Black Opal with Green Blue Color Fires.','Solid Black Opal',1,124.9900,368.9800),
(317,178,23,'Natural Solid Lightning Ridge Polished Black Opal with Multi-Color Both Sides.','Solid Black Opal',1,239.9900,556.9700),
(318,178,24,'Lightning Ridge Natural Solid Polished Black Opal with Multi-Color Fires.','Solid Black Opal',1,188.9900,556.9700),
(319,178,29,'Natural Lightning Ridge Solid Polished Black Opal with Green Blue Color Fires.','Solid Black Opal',1,124.9900,556.9700),
(320,179,23,'Natural Solid Lightning Ridge Polished Black Opal with Multi-Color Both Sides.','Solid Black Opal',1,239.9900,244.9900),
(321,180,23,'Natural Solid Lightning Ridge Polished Black Opal with Multi-Color Both Sides.','Solid Black Opal',1,239.9900,244.9900),
(322,181,23,'Natural Solid Lightning Ridge Polished Black Opal with Multi-Color Both Sides.','Solid Black Opal',1,239.9900,244.9900),
(323,182,23,'Natural Solid Lightning Ridge Polished Black Opal with Multi-Color Both Sides.','Solid Black Opal',1,239.9900,244.9900),
(324,183,24,'Lightning Ridge Natural Solid Polished Black Opal with Multi-Color Fires.','Solid Black Opal',1,188.9900,188.9900),
(325,184,23,'Natural Solid Lightning Ridge Polished Black Opal with Multi-Color Both Sides.','Solid Black Opal',2,239.9900,428.9800),
(326,184,24,'Lightning Ridge Natural Solid Polished Black Opal with Multi-Color Fires.','Solid Black Opal',1,188.9900,428.9800),
(327,185,23,'Natural Solid Lightning Ridge Polished Black Opal with Multi-Color Both Sides.','Solid Black Opal',1,239.9900,433.9800),
(328,185,24,'Lightning Ridge Natural Solid Polished Black Opal with Multi-Color Fires.','Solid Black Opal',1,188.9900,433.9800),
(329,186,23,'Natural Solid Lightning Ridge Polished Black Opal with Multi-Color Both Sides.','Solid Black Opal',1,239.9900,434.9800),
(330,186,24,'Lightning Ridge Natural Solid Polished Black Opal with Multi-Color Fires.','Solid Black Opal',1,188.9900,434.9800),
(331,187,23,'Natural Solid Lightning Ridge Polished Black Opal with Multi-Color Both Sides.','Solid Black Opal',1,239.9900,434.9800),
(332,187,24,'Lightning Ridge Natural Solid Polished Black Opal with Multi-Color Fires.','Solid Black Opal',1,188.9900,434.9800),
(333,188,29,'Natural Lightning Ridge Solid Polished Black Opal with Green Blue Color Fires.','Solid Black Opal',1,124.9900,179.9800),
(334,188,32,'Lightning Ridge Natural Polished Black Crystal Opal with Blue Green Colors.','Solid Black Opal',1,54.9900,179.9800),
(335,189,32,'Lightning Ridge Natural Polished Black Crystal Opal with Blue Green Colors.','Solid Black Opal',1,54.9900,179.9800),
(336,189,35,'Lightning Ridge Natural Solid Polished Dark Opal with Multi-Color Fires.','Solid Dark Opal',1,124.9900,179.9800),
(337,190,36,'Lightning Ridge Natural Solid Polished Opal with Multi-Color Fires.','Solid Light Opal',1,244.9900,289.9800),
(338,190,44,'Lightning Ridge Opal','Solid Light Opal',1,44.9900,289.9800),
(339,191,27,'Lightning Ridge Natural Solid Black Opal with Multi-Color Fires Yellow Gold Ring 14k/585.','Opal Rings',1,345.0000,404.9900),
(340,191,28,'Natural Solid Mintabie White Crystal Opal with Multi-Color Fires Sterling Silver Pendant Necklace.','Opal Pendants',1,59.9900,404.9900),
(341,192,28,'Natural Solid Mintabie White Crystal Opal with Multi-Color Fires Sterling Silver Pendant Necklace.','Opal Pendants',1,59.9900,222.9700),
(342,192,42,'Black Opal Ring','Opal Rings',1,47.9900,222.9700),
(343,192,41,'Lightning Ridge Dark Opal ','Solid Dark Opal',1,114.9900,222.9700),
(344,193,24,'Lightning Ridge Natural Solid Polished Black Opal with Multi-Color Fires.','Solid Black Opal',1,188.9900,433.9800),
(345,193,23,'Natural Solid Lightning Ridge Polished Black Opal with Multi-Color Both Sides.','Solid Black Opal',1,239.9900,433.9800),
(346,194,23,'Natural Solid Lightning Ridge Polished Black Opal with Multi-Color Both Sides.','Solid Black Opal',2,435.0000,785.0000),
(347,194,46,'Crystal Opal Gold Ring','Opal Rings',1,345.0000,785.0000),
(348,195,23,'Natural Solid Lightning Ridge Polished Black Opal with Multi-Color Both Sides.','Solid Black Opal',2,435.0000,435.0000);

/*Table structure for table `order_total` */

DROP TABLE IF EXISTS `order_total`;

CREATE TABLE `order_total` (
  `order_total_id` int(10) NOT NULL AUTO_INCREMENT,
  `order_id` int(11) NOT NULL,
  `code` varchar(32) NOT NULL,
  `title` varchar(255) NOT NULL,
  `value` decimal(15,4) NOT NULL DEFAULT '0.0000',
  PRIMARY KEY (`order_total_id`),
  KEY `order_id` (`order_id`)
) ENGINE=MyISAM AUTO_INCREMENT=192 DEFAULT CHARSET=utf8;

/*Data for the table `order_total` */

insert  into `order_total`(`order_total_id`,`order_id`,`code`,`title`,`value`) values 
(77,80,'total','Total',628.9900),
(76,79,'total','Total',628.9900),
(75,78,'total','Total',628.9900),
(74,77,'total','Total',628.9900),
(73,76,'total','Total',628.9900),
(72,75,'total','Total',628.9900),
(71,74,'total','Total',440.0000),
(70,73,'total','Total',440.0000),
(69,72,'total','Total',440.0000),
(68,71,'total','Total',440.0000),
(67,70,'total','Total',440.0000),
(66,69,'total','Total',440.0000),
(65,68,'total','Total',244.9900),
(64,67,'total','Total',430.9900),
(63,66,'total','Total',430.9900),
(62,65,'total','Total',430.9900),
(61,64,'total','Total',430.9900),
(60,63,'total','Total',430.9900),
(59,62,'total','Total',430.9900),
(58,61,'total','Total',430.9900),
(57,60,'total','Total',555.9800),
(56,59,'total','Total',242.0000),
(55,58,'total','Total',430.9900),
(54,57,'total','Total',368.9900),
(78,81,'total','Total',628.9900),
(79,82,'total','Total',628.9900),
(80,83,'total','Total',628.9900),
(81,84,'total','Total',628.9900),
(82,85,'total','Total',628.9900),
(83,86,'total','Total',628.9900),
(84,87,'total','Total',628.9900),
(85,88,'total','Total',628.9900),
(86,89,'total','Total',628.9900),
(87,90,'total','Total',440.0000),
(88,91,'total','Total',440.0000),
(89,92,'total','Total',0.0000),
(90,93,'total','Total',0.0000),
(91,94,'total','Total',0.0000),
(92,95,'total','Total',0.0000),
(93,96,'total','Total',0.0000),
(94,97,'total','Total',0.0000),
(95,98,'total','Total',0.0000),
(96,99,'total','Total',0.0000),
(97,100,'total','Total',0.0000),
(98,101,'total','Total',0.0000),
(99,102,'total','Total',0.0000),
(100,103,'total','Total',0.0000),
(101,104,'total','Total',0.0000),
(102,105,'total','Total',440.0000),
(103,106,'total','Total',440.0000),
(104,107,'total','Total',448.2000),
(105,108,'total','Total',446.2000),
(106,109,'total','Total',447.2000),
(107,110,'total','Total',441.0000),
(108,111,'total','Total',447.2000),
(109,112,'total','Total',447.2000),
(110,113,'total','Total',251.1900),
(111,114,'total','Total',251.1900),
(112,115,'total','Total',249.1900),
(113,116,'total','Total',251.1900),
(114,117,'total','Total',251.1900),
(115,118,'total','Total',252.1900),
(116,119,'total','Total',250.1900),
(117,120,'total','Total',251.1900),
(118,121,'total','Total',251.1900),
(119,122,'total','Total',251.1900),
(120,123,'total','Total',251.1900),
(121,124,'total','Total',251.1900),
(122,125,'total','Total',251.1900),
(123,126,'total','Total',251.1900),
(124,127,'total','Total',251.1900),
(125,128,'total','Total',251.1900),
(126,129,'total','Total',248.1900),
(127,130,'total','Total',249.1900),
(128,131,'total','Total',249.1900),
(129,132,'total','Total',249.1900),
(130,133,'total','Total',249.1900),
(131,134,'total','Total',254.1900),
(132,135,'total','Total',251.1900),
(133,136,'total','Total',253.1900),
(134,137,'total','Total',251.1900),
(135,138,'total','Total',251.1900),
(136,139,'total','Total',252.1900),
(137,140,'total','Total',251.1900),
(138,141,'total','Total',251.1900),
(139,142,'total','Total',252.1900),
(140,143,'total','Total',251.1900),
(141,144,'total','Total',251.1900),
(142,145,'total','Total',251.1900),
(143,146,'total','Total',251.1900),
(144,147,'total','Total',441.1800),
(145,148,'total','Total',251.1900),
(146,149,'total','Total',195.1900),
(147,150,'total','Total',131.1900),
(148,151,'total','Total',195.1900),
(149,153,'total','Total',195.1900),
(150,154,'total','Total',131.1900),
(151,155,'total','Total',195.1900),
(152,156,'total','Total',195.1900),
(153,157,'total','Total',195.1900),
(154,158,'total','Total',195.1900),
(155,159,'total','Total',195.1900),
(156,160,'total','Total',195.1900),
(157,161,'total','Total',440.1800),
(158,162,'total','Total',441.1800),
(159,163,'total','Total',441.1800),
(160,164,'total','Total',440.1800),
(161,165,'total','Total',441.1800),
(162,166,'total','Total',440.1800),
(163,167,'total','Total',440.1800),
(164,168,'total','Total',440.1800),
(165,169,'total','Total',441.1800),
(166,170,'total','Total',440.1800),
(167,171,'total','Total',440.1800),
(168,172,'total','Total',440.1800),
(169,173,'total','Total',440.1800),
(170,174,'total','Total',440.1800),
(171,175,'total','Total',440.1800),
(172,176,'total','Total',440.1800),
(173,177,'total','Total',375.1800),
(174,178,'total','Total',563.1700),
(175,179,'total','Total',251.1900),
(176,180,'total','Total',244.9900),
(177,181,'total','Total',251.1900),
(178,182,'total','Total',244.9900),
(179,183,'total','Total',188.9900),
(180,184,'total','Total',435.1800),
(181,185,'total','Total',440.1800),
(182,186,'total','Total',441.1800),
(183,187,'total','Total',441.1800),
(184,188,'total','Total',186.1800),
(185,189,'total','Total',186.1800),
(186,190,'total','Total',296.1800),
(187,191,'total','Total',411.1900),
(188,192,'total','Total',229.1700),
(189,193,'total','Total',440.1800),
(190,194,'total','Total',791.2000),
(191,195,'total','Total',435.0000);

/*Table structure for table `p_option` */

DROP TABLE IF EXISTS `p_option`;

CREATE TABLE `p_option` (
  `id` int(11) NOT NULL AUTO_INCREMENT,
  `option_name` varchar(222) DEFAULT NULL,
  `json_child` text,
  PRIMARY KEY (`id`)
) ENGINE=InnoDB AUTO_INCREMENT=12 DEFAULT CHARSET=latin1;

/*Data for the table `p_option` */

insert  into `p_option`(`id`,`option_name`,`json_child`) values 
(7,'Option A','{\"0\":{\"child_name\":\"Custom Product\",\"option_child_of\":\"\",\"option_value\":[\"Custom Ring\",\"Custom Pendant\"]},\"1\":{\"child_name\":\"Select Material\",\"option_child_of\":\"\",\"option_value\":[\"Silver \",\"Steel \",\"Plastic \"]},\"2\":{\"child_name\":\"Select Size\",\"option_child_of\":\"Custom Product\",\"option_value\":[\"4cm, 5cm, 6cm\",\"20cm ,30cm ,40cm\"]}}'),
(8,'Option B','{}'),
(9,'Option C',NULL);

/*Table structure for table `page` */

DROP TABLE IF EXISTS `page`;

CREATE TABLE `page` (
  `page_id` int(11) NOT NULL AUTO_INCREMENT,
  `title` varchar(255) NOT NULL,
  `label_menu` varchar(255) DEFAULT NULL,
  `description` text NOT NULL,
  `image` varchar(255) NOT NULL,
  `slug` varchar(255) NOT NULL,
  `date_modified` datetime NOT NULL,
  `position_menu` varchar(255) DEFAULT NULL,
  `sort_order` int(11) DEFAULT NULL,
  `date_added` datetime DEFAULT NULL,
  PRIMARY KEY (`page_id`)
) ENGINE=InnoDB AUTO_INCREMENT=8 DEFAULT CHARSET=latin1;

/*Data for the table `page` */

insert  into `page`(`page_id`,`title`,`label_menu`,`description`,`image`,`slug`,`date_modified`,`position_menu`,`sort_order`,`date_added`) values 
(1,'About Us','ABOUT','<p>Lorem ipsum dolor sit amet, consectetur adipiscing elit. Sed non tellus justo. Etiam scelerisque sed elit id viverra. Quisque risus ex, varius eget dapibus eu, aliquet sit amet odio. Vivamus non purus vitae risus malesuada pulvinar. Vivamus dolor ipsum, feugiat ut enim in, mollis sodales dolor. Aliquam porttitor malesuada magna, vitae tincidunt risus tincidunt id. Quisque eget ligula consequat, bibendum sem quis, posuere diam. Aliquam erat volutpat.</p>\r\n<p>Morbi luctus felis at nulla consectetur pharetra. Nullam vestibulum eleifend feugiat. Nam ut cursus est. Suspendisse vehicula in justo vitae sollicitudin. Sed ipsum elit, cursus a erat vel, blandit molestie augue. Phasellus quis diam volutpat, eleifend lectus sed, porttitor metus. Mauris faucibus ultricies lorem nec tristique. Nam faucibus id diam in porta. Aenean dictum egestas neque sed vehicula. Class aptent taciti sociosqu ad litora torquent per conubia nostra, per inceptos himenaeos. Praesent viverra varius finibus.</p>\r\n<p>In hac habitasse platea dictumst. Sed nec nunc faucibus, vestibulum arcu ut, tincidunt tellus. Sed lacus nulla, vestibulum eu tortor non, vulputate ultrices erat. Nulla eget sollicitudin erat. Maecenas et metus sagittis, vestibulum odio vitae, pulvinar dolor. Duis quis neque eget tellus sagittis consequat a in eros. Nullam id elit eu nulla ultrices dignissim. Cras ac efficitur odio.</p>','','about','2018-08-26 20:37:11','header',1,NULL),
(3,'Contact Us','contact','<p style=\"font-family: \'GothamLight\';\"><br /><br />Email: <a href=\"mailto:info@joscelynopal.com\">info@joscelynopal.com</a></p>\r\n<p style=\"font-family: \'GothamLight\';\"></p>\r\n<p style=\"font-family: \'GothamLight\';\"><span style=\"font-family: \'GothamBold\'; font-weight: bold;\">Note:</span><br /> our normal response time for email inquiries is 24 hrs</p>\r\n<p>Fill out the form below to contact us:</p>','','contact','2018-08-26 20:36:04','header',1,NULL),
(4,'Conditions','Term & Conditions','<p>Lorem ipsum dolor sit amet, consectetur adipiscing elit. Sed non tellus justo. Etiam scelerisque sed elit id viverra. Quisque risus ex, varius eget dapibus eu, aliquet sit amet odio. Vivamus non purus vitae risus malesuada pulvinar. Vivamus dolor ipsum, feugiat ut enim in, mollis sodales dolor. Aliquam porttitor malesuada magna, vitae tincidunt risus tincidunt id. Quisque eget ligula consequat, bibendum sem quis, posuere diam. Aliquam erat volutpat.</p>\r\n<p>Morbi luctus felis at nulla consectetur pharetra. Nullam vestibulum eleifend feugiat. Nam ut cursus est. Suspendisse vehicula in justo vitae sollicitudin. Sed ipsum elit, cursus a erat vel, blandit molestie augue. Phasellus quis diam volutpat, eleifend lectus sed, porttitor metus. Mauris faucibus ultricies lorem nec tristique. Nam faucibus id diam in porta. Aenean dictum egestas neque sed vehicula. Class aptent taciti sociosqu ad litora torquent per conubia nostra, per inceptos himenaeos. Praesent viverra varius finibus.</p>\r\n<p>In hac habitasse platea dictumst. Sed nec nunc faucibus, vestibulum arcu ut, tincidunt tellus. Sed lacus nulla, vestibulum eu tortor non, vulputate ultrices erat. Nulla eget sollicitudin erat. Maecenas et metus sagittis, vestibulum odio vitae, pulvinar dolor. Duis quis neque eget tellus sagittis consequat a in eros. Nullam id elit eu nulla ultrices dignissim. Cras ac efficitur odio.</p>','images/pendant_necklace/epn30/8.JPG','term-conditions','2018-08-26 20:33:38','bottom',1,NULL),
(5,'Shipping ','Shipping Info','<p style=\"text-align: left;\">Our standard shipping is Express Courier and DHL, we do not charge shipping fees per item, you can ship as many items as you want for just a single flat rate per check-out.<br />All the Shipping Company required a valid telephone number for delivery, to speed up the process please let us know your telephone number in the check out note.<br /><br /></p>\r\n<p style=\"text-align: center;\"><span style=\"text-decoration: underline;\"><strong>EXPRESS COURIER</strong></span></p>\r\n<p style=\"text-align: center;\">We will send your parcel by Express Courier for Loose Opals and all Silver Products.Express Courier shipments typically take 5-10 days for delivery and can be tracked online every step of the way. A signature is required upon delivery.</p>\r\n<p style=\"text-align: center;\"><span style=\"text-decoration: underline;\"><strong>DHL</strong></span></p>\r\n<p style=\"text-align: center;\">We will send your parcel by DHL for all Gold Products and all items over US$300 in value. DHL shipments typically take 2-5 days for delivery and can be tracked online every step of the way. A signature is required upon delivery and can not be shipped to a P.O. BOX or FPO/APO address.</p>\r\n<p style=\"text-align: center;\"><span style=\"text-decoration: underline;\"><strong>REGISTERED POST</strong></span></p>\r\n<p style=\"text-align: center;\">For orders less than $50 USD only<br />Registered Post Shipments typically take 10-45 days, ideal for Non urgent parcel . On average, most are delivered within 2 weeks. The Registered number provided may or may not be tracked online.<br /><br /><br />NOTE: Import tax or duty is the buyer\'s responsibility.</p>','','shipping-info','2018-08-26 20:34:03','bottom',2,NULL),
(6,'Payment Info','Payment Info','<p>We accept Payment by PayPal only</p>','','payment-info','2018-08-26 20:34:26','bottom',3,NULL),
(7,'Payment Method','Payment Method','<p>Payment Method</p>','','payment-method','2018-08-26 21:38:30','bottom',4,NULL);

/*Table structure for table `product` */

DROP TABLE IF EXISTS `product`;

CREATE TABLE `product` (
  `product_id` int(11) NOT NULL AUTO_INCREMENT,
  `type` varchar(64) NOT NULL,
  `item_id` varchar(64) NOT NULL,
  `content` int(11) NOT NULL DEFAULT '1',
  `weight` decimal(15,8) NOT NULL DEFAULT '0.00000000',
  `size` varchar(64) NOT NULL,
  `shape` varchar(64) NOT NULL,
  `clarity` varchar(64) NOT NULL,
  `treatment` varchar(64) NOT NULL,
  `origin` varchar(64) NOT NULL,
  `price` decimal(15,4) NOT NULL DEFAULT '0.0000',
  `quantity` int(4) NOT NULL DEFAULT '0',
  `name` varchar(255) NOT NULL,
  `description` text NOT NULL,
  `image` varchar(255) DEFAULT NULL,
  `stock` varchar(30) NOT NULL DEFAULT 'In Stock',
  `slug` varchar(255) NOT NULL,
  `category_id` int(11) NOT NULL,
  `featured` tinyint(4) NOT NULL DEFAULT '0',
  `sort_order` int(11) NOT NULL DEFAULT '0',
  `status` tinyint(1) NOT NULL DEFAULT '1',
  `date_added` datetime NOT NULL,
  `date_modified` datetime NOT NULL,
  PRIMARY KEY (`product_id`)
) ENGINE=InnoDB AUTO_INCREMENT=50 DEFAULT CHARSET=latin1;

/*Data for the table `product` */

insert  into `product`(`product_id`,`type`,`item_id`,`content`,`weight`,`size`,`shape`,`clarity`,`treatment`,`origin`,`price`,`quantity`,`name`,`description`,`image`,`stock`,`slug`,`category_id`,`featured`,`sort_order`,`status`,`date_added`,`date_modified`) values 
(7,'326FD','326FD',1,1.20000000,'7.39 mm x 5.43 mm x 1.73 mm (avg.)','Oval Cabochon','Opaque','Assembled','Australia',36.0000,100,'Loose Solid Queensland Boulder Opal','<p>In a&nbsp;tear drop&nbsp;shape this Queensland Boulder opal is green with hints of purple.</p>','products/images/australian_opal/326FLOOD1.jpg','Out Of Stock','loose-solid-queensland-boulder-opal',12,0,0,0,'2015-09-21 10:41:09','2018-01-10 01:01:14'),
(8,'326FD','326FD',1,1.20000000,'7.39 mm x 5.43 mm x 1.73 mm (avg.)','Oval Cabochon','Opaque','Assembled','Australia',36.0000,100,'Loose Solid Queensland Boulder Opal','<p>In a&nbsp;tear drop&nbsp;shape this Queensland Boulder opal is green with hints of purple.</p>','products/images/australian_opal/326FLOOD1.jpg','Out Of Stock','loose-solid-queensland-boulder-opal1',12,0,0,0,'2015-09-21 10:41:09','2018-01-10 01:03:07'),
(11,'326FD','326FD',1,1.20000000,'7.39 mm x 5.43 mm x 1.73 mm (avg.)','Oval Cabochon','Opaque','Assembled','Australia',36.0000,100,'Loose Solid Queensland Boulder Opal','<p>In a&nbsp;tear drop&nbsp;shape this Queensland Boulder opal is green with hints of purple.</p>','products/images/australian_opal/326FLOOD1.jpg','Out Of Stock','loose-solid-queensland-boulder-opal4',12,0,0,0,'2015-09-21 10:41:09','2018-01-10 01:03:23'),
(23,'Solid Black Opal','ELO288',1,4.78000000,'8.61 x 20.16 x 3.15 mm approx','Free Shape','Translucent','NONE','Lightning Ridge',435.0000,-68,'Natural Solid Lightning Ridge Polished Black Opal with Multi-Color Both Sides.','<p>Australian Solid Natural Polished Black Opal <br />Pictures viewing from both sides.<br /><br />Opal Type : Solid Black Opal<br /><br />Carat Weight : 4.78 ct<br /><br />Size : 8.61 mm x 20.16 mm approx.</p>\r\n<p>Thickness : 3.15 mm<br /><br />Color : Multi-Color<br /><br />Shape : Free Shape<br /><br />Cut : Medium Dome Cabochon<br /><br />Clarity : Translucent<br /><br />Brightness B1 - B5 : B3.8<br />B1: Faint == B2 : Dull == B3 : Bright == B4 : Very Bright == B5 : Brilliant</p>\r\n<p>Body Tone N1-N9 : N4 Black Opal</p>\r\n<p>N1-N4: Black Opal == N5-N6: Dark Opal == N7-N9: Light Opal</p>\r\n<p><img src=\"http://joscelynopal.com/upload/images/opal_chart/tonechart.jpg\" alt=\"\" width=\"201\" height=\"60\" /></p>\r\n<p>Treatment : NONE<br /><br />Origin : Lightning Ridge Opal Field, NSW Australia</p>','images/black_opal/elo288/1.JPG','In Stock','natural-solid-lightning-ridge-polished-black-opal-with-multi-color-both-sides',1,1,1,1,'2018-01-10 04:09:57','2018-09-18 04:15:35'),
(24,'Solid Black Opal','ELO206',1,2.55000000,'7.25 x 19.26 x 3.20 mm approx','Free Shape','Opaque','NONE','Lightning Ridge Australia',188.9900,-66,'Lightning Ridge Natural Solid Polished Black Opal with Multi-Color Fires.','<p>Australian Solid Natural Polished Black Opal <br /><br />Opal Type : Solid Black Opal<br /><br />Carat Weight : 2.55 ct<br /><br />Size : 7.25 mm x 19.26 mm approx<br /><br />Thickness : 3.20 mm<br /><br />Color : Multi-Color<br /><br />Shape : Free Shape<br /><br />Cut : Low Dome Cabochon<br /><br />Clarity : Opaque<br /><br />Brightness B1 - B5 : B3.8<br />B1: Faint == B2 : Dull == B3 : Bright == B4 : Very Bright == B5 : Brilliant</p>\r\n<p><img src=\"http://joscelynopal.com/upload/images/opal_chart/tonechart.jpg\" alt=\"\" width=\"201\" height=\"60\" /></p>\r\n<p><br />Body Tone N1-N9 : N3 Black Opal<br />N1-N4: Black Opal == N5-N6: Dark Opal == N7-N9: Light Opal</p>\r\n<p>Treatment : NONE<br /><br />Origin : Lightning Ridge Opal Field, NSW Australia</p>','images/black_opal/elo206/1.JPG','In Stock','lightning-ridge-natural-solid-polished-black-opal-with-multi-color-fires',1,1,2,1,'2018-01-10 04:39:26','2018-12-01 22:01:34'),
(31,'Solid Dark Opal','EPN30',1,1.33000000,'7.00 mm x 16.50 mm approx','Marquise','Translucent','NONE','Lightning Ridge',84.9900,1,'Lightning Ridge Solid Natural Dark Opal Sterling Silver Pendant Necklace.','<p>Australian Solid Natural Dark Opal Sterling Silver Pendant 20\" chain.<br /><br />Total Item Weight : 3.70 grams<br />Metal Type : Silver<br />Metal Purity : 9.25 Sterling<br />Chain : 20 Inch 92.5 Sterling<br />---------------------------------------<br />Opal Type : Solid Dark/Semi-Black Opal<br />Carat Weight : 1.33 ct<br />Size : 7.00 mm x 16.50 mm approx<br />Color : Green Blue with a touch of Orange<br />Shape : Marquise<br />Clarity : Translucent<br /><br />Brightness B1 - B5 : B3.7<br />B1: Faint == B2 : Dull == B3 : Bright == B4 : Very Bright == B5 : Brilliant<br /><br />Body Tone N1-N9 : N5 Dark Opal<br />N1-N4: Black Opal == N5-N6: Dark Opal == N7-N9: Light Opal<br /><br />Treatment : NONE<br /><br />Origin : Lightning Ridge Opal Field, NSW Australia</p>','images/pendant_necklace/epn30/1.JPG','In Stock','lightning-ridge-solid-natural-dark-opal-sterling-silver-pendant-necklace',9,1,2,1,'2018-01-17 03:45:38','2019-05-09 11:39:33'),
(34,'Solid Black Crystal Opal','ELO176',1,2.18000000,'7.74x10.33x4.72mm','Oval','Translucent','NONE','Lightning Ridge',124.9900,1,'Natural Lightning Ridge Solid Polished Black Crystal Opal with Green Blue Color Fires.','<p>Australian Solid Natural Polished Black Crystal Opal.<br /><br />Opal Type : Solid Black Crystal Opal<br /><br />Carat Weight : 2.18 ct<br /><br />Size : 7.74 mm x 10.33 mm approx<br /><br />Thickness : 4.72 mm<br /><br />Color : Green Blue<br /><br />Shape : Oval<br /><br />Cut : Medium Dome Cabochon<br /><br />Clarity : Translucent<br /><br />Brightness B1 - B5 : B3.7<br />B1: Faint == B2 : Dull == B3 : Bright == B4 : Very Bright == B5 : Brilliant<br /><br />Body Tone N1-N9 : N4 Black Opal<br />N1-N4: Black Opal == N5-N6: Dark Opal == N7-N9: Light Opal<br /><br />Treatment : NONE<br /><br />Origin : Lightning Ridge Opal Field, NSW Australia</p>','images/black_opal/elo176/1.JPG','In Stock','natural-lightning-ridge-solid-polished-black-crystal-opal-with-green-blue-color-fires',1,0,5,1,'2018-01-17 17:05:34','2018-12-01 22:48:02'),
(37,'Solid Light Opal','ELO111',1,13.34000000,'18.35x26.23x4.84mm','Free Shape','Translucent','NONE','Lightning Ridge',429.0000,1,'Natural Lightning Ridge Large Solid Opal with Green Blue Orange Colors.','<p>Australian Large Solid Natural Opal with Green Blue Orange Fires.&nbsp;<br /><br /></p>\r\n<p>Opal Type : Solid Light Opal<br /><br />Carat Weight :13.34 ct<br /><br />Size : 18.35 mm x 26.23 mm approx<br /><br />Thickness :4.84 mm<br /><br />Color : Green Blue Orange<br /><br />Shape : Free Shape <br /><br />Cut : Low Dome Cabochon<br /><br />Clarity : Translucent<br /><br />Brightness B1 - B5 : B4<br />B1: Faint == B2 : Dull == B3 : Bright == B4 : Very Bright == B5 : Brilliant<br /><br />Body Tone N1-N9 : N7 Light Opal<br />N1-N4: Black Opal == N5-N6: Dark Opal == N7-N9: Light Opal<br /><img src=\"http://joscelynopal.com/upload/images/opal_chart/tonechart.jpg\" alt=\"\" width=\"218\" height=\"65\" /></p>\r\n<p>Treatment : NONE<br /><br />Origin : Lightning Ridge Opal Field, NSW Australia</p>','images/light_opal/elo111/1.JPG','In Stock','natural-lightning-ridge-large-solid-opal-with-green-blue-orange-colors',3,0,1,1,'2018-01-18 00:50:46','0000-00-00 00:00:00'),
(40,'Solid Black Opal','ER121',1,1.16000000,'6.40x7.70 mm','Oval','Opaque','NONE','Lightning Ridge',285.0000,1,'Lightning Ridge Natural Solid Black Seam Opal with Multi-Color Fires Gold & Sterling Ring.','<p>Australian Solid Natural Black Opal 10k Gold Band &amp; Sterling Silver Bezel Ring.</p>\r\n<p>Opal Type : Solid Black Opal<br />Carat Weight : 1.16 ct<br />Size : 6.40 mm x 7.70 mm approx.<br />Color : Multi-Color<br />Shape : Oval<br />Cut : Medium Dome Cabochon<br />Clarity : Opaque<br /><br />Brightness B1 - B5 : B3.7<br />B1: Faint == B2 : Dull == B3 : Bright == B4 : Very Bright == B5 : Brilliant<br /><br />Body Tone N1-N9 : N3 Black Opal<br />N1-N4: Black Opal == N5-N6: Dark Opal == N7-N9: Light Opal<br /><img src=\"http://www.joscelynopal.com/upload/images/opal_chart/tonechart.jpg\" alt=\"\" width=\"251\" height=\"75\" /></p>\r\n<p>Treatment : NONE<br /><br />Origin : Lightning Ridge Opal Field, NSW Australia<br />_________________________________________________<br /><br />Metal Type : <br />10k Gold Band<br />92.5 Sterling Silver Bezel</p>\r\n<p>Ring Size : Select Ring Size from drop Down Menu,Allow approx. 7-10 working days production time.</p>','images/opal_ring/er121/1.JPG','In Stock','lightning-ridge-natural-solid-black-seam-opal-with-multi-color-fires-gold-sterling-ring',8,0,3,1,'2018-01-19 17:58:59','2018-01-22 00:36:57'),
(41,'Solid Dark Opal','ELO72',1,1.44000000,'8.72x10.57x2.74 mm','Oval','Translucent','NONE','Lightning Ridge',114.9900,0,'Lightning Ridge Dark Opal ','<p>Natural Solid Dark Opal from Lightning Ridge display Multi-Color Fires.</p>\r\n<p><br />Opal Type : Solid Dark Opal<br /><br />Carat Weight : 1.44 ct<br /><br />Size : 8.72 mm x 10.57 mm approx<br /><br />Thickness : 2.74 mm<br /><br />Color : Multi-Color<br /><br />Shape : Oval<br /><br />Cut : Medium Dome Cabochon<br /><br />Clarity : Translucent<br /><br />Brightness B1 - B5 : B3.8<br />B1: Faint == B2 : Dull == B3 : Bright == B4 : Very Bright == B5 : Brilliant<br /><br />Body Tone N1-N9 : N5 Dark Opal<br />N1-N4: Black Opal == N5-N6: Dark Opal == N7-N9: Light Opal<br /><img src=\"http://www.joscelynopal.com/upload/images/opal_chart/tonechart.jpg\" alt=\"\" width=\"251\" height=\"75\" /></p>\r\n<p>Treatment : None<br /><br />Origin : Lightning Ridge Opal Field, NSW Australia</p>','images/dark_opal/elo72/front.jpg','In Stock','lightning-ridge-dark-opal',2,0,4,1,'2018-01-19 19:21:07','2018-01-19 19:36:02'),
(44,'Solid Light Opal','ELO295',1,0.80000000,'5.33x737x346 mm','Oval','Translucent','NONE','Lightning Ridge',44.9900,0,'Lightning Ridge Opal','<p>Australian Solid Natural Polished Opal <br /><br /></p>\r\n<p>Opal Type : Solid Light Opal<br /><br />Carat Weight : 0.80 ct<br /><br />Size : 5.33 mm x 7.37 mm approx<br /><br />Thickness : 3.46 mm<br /><br />Color : Orange Green Blue<br /><br />Shape : Oval<br /><br />Cut : Medium double Dome Cabochon<br /><br />Clarity : Translucent<br /><br />Brightness B1 - B5 : B3.7<br />B1: Faint == B2 : Dull == B3 : Bright == B4 : Very Bright == B5 : Brilliant<br /><br />Body Tone N1-N9 : N7 Light Opal<br />N1-N4: Black Opal == N5-N6: Dark Opal == N7-N9: Light Opal<br /><img src=\"http://joscelynopal.com/upload/images/opal_chart/tonechart.jpg\" alt=\"\" width=\"251\" height=\"75\" /></p>\r\n<p>Treatment : NONE<br /><br />Origin : Lightning Ridge Opal Field, NSW Australia<br /><br /><br /><br /></p>','images/light_opal/elo295/1.JPG','In Stock','lightning-ridge-opal',3,0,3,1,'2018-01-24 14:08:59','2018-01-24 14:18:29'),
(46,'Solid Light Crystal Opal','ER141',1,1.30000000,'6.70 x 8.00 mm','Oval','Translucent','NONE','Australia',345.0000,0,'Crystal Opal Gold Ring','<p>Lightning Ridge Natural Solid Crystal Opal with Bright Green Blue Yellow Color Fires 14k/585 White Gold Ring.</p>\r\n<p>Opal Type : Solid Light Crystal Opal<br />Carat Weight : 1.30 ct<br />Size : 6.70 mm x 8.00 mm approx<br />Color : Green Blue Yellow<br />Shape : Oval<br />Cut : Medium High Dome Cabochon<br />Clarity : Translucent<br /><br />Brightness B1 - B5 : B3.9<br />B1: Faint == B2 : Dull == B3 : Bright == B4 : Very Bright == B5 : Brilliant<br /><br />Body Tone N1-N9 : N7 Light Opal<br />N1-N4: Black Opal == N5-N6: Dark Opal == N7-N9: Light Opal<br /><img src=\"http://joscelynopal.com/upload/images/opal_chart/tonechart.jpg\" alt=\"\" width=\"251\" height=\"75\" /></p>\r\n<p>Treatment : NONE<br /><br />Origin : Lightning Ridge Opal Field, NSW Australia<br />--------------------------------------------------------------------------------------------<br />Metal Type : White Gold<br />Metal Purity : 14k/585<br /><br />Ring Size : Select Ring Size from drop Down Menu,Allow approx. 7-10 working days production time.</p>','images/opal_ring/er141/1.jpg','In Stock','crystal-opal-white-gold-ring',8,0,6,1,'2018-01-25 05:18:41','2018-01-25 05:19:58'),
(47,'Solid Dark Opal','ELO114',1,1.02000000,'6.40x10.00x2.66 mm','Oval','Opaque','NONE','Lightning Ridge',73.9900,1,'Australian Opal','<p>Lightning Ridge Solid Natural Dark Opal display Multi-Color Fires.</p>\r\n<p><br />Opal Type : Solid Dark Opal<br /><br />Carat Weight : 1.02 ct<br /><br />Size : 6.40 x 10.00 mm<br /><br />Thickness : 2.66 mm<br /><br />Color : Multi-Color<br /><br />Shape : Oval<br /><br />Cut : Low Dome Cabochon<br /><br />Clarity : Opaque<br /><br />Brightness B1 - B5 : B3.7<br />B1: Faint == B2 : Dull == B3 : Bright == B4 : Very Bright == B5 : Brilliant<br /><img src=\"http://joscelynopal.com/upload/images/opal_chart/tonechart.jpg\" alt=\"\" width=\"251\" height=\"75\" /></p>\r\n<p>Body Tone N1-N9 : N5 Dark Opal<br />N1-N4: Black Opal == N5-N6: Dark Opal == N7-N9: Light Opal<br /><br />Treatment : NONE<br /><br />Origin : Lightning Ridge, NSW Australia</p>','images/dark_opal/elo114/5.JPG','In Stock','australian-opal',2,0,5,1,'2018-01-26 04:25:25','0000-00-00 00:00:00'),
(49,'Solid Black Opal','ER118',1,2.23000000,'6.75','Pear','Translucent','NONE','Lightning Ridge',89.9900,1,'Natural Black Opal Ring','<p>Australian Solid Natural Black Opal Sterling Silver Ring.<br />Opal Type : Solid Black Opal<br />Carat Weight : 2.23 ct<br />Size : 9.00 mm x 19.00 mm approx.<br />Color : Blue Green<br />Shape : Pear<br />Cut : Medium Dome Cabochon<br />Clarity : Translucent<br /><br />Brightness B1 - B5 : B3.4<br />B1: Faint == B2 : Dull == B3 : Bright == B4 : Very Bright == B5 : Brilliant<br /><br />Body Tone N1-N9 : N3 Black Opal<br />N1-N4: Black Opal == N5-N6: Dark Opal == N7-N9: Light Opal<br /><img src=\"http://joscelynopal.com/upload/images/opal_chart/tonechart.jpg\" alt=\"\" width=\"251\" height=\"75\" /></p>\r\n<p>Treatment : NONE<br /><br />Origin : Lightning Ridge Opal Field, NSW Australia<br />_________________________________________________<br /><br />Total Item Weight : 3.00 grams<br />Metal Type : Silver Satin Finished<br />Metal Purity : 92.5 Sterling Silver<br /><br />Ring Size :<br />US-6.75 (17.3mm)<br />Britain/Australia N<br />Asia 13.5<br />Euro 53<br /><br />Sizable : No Resize</p>','images/opal_ring/er118/1.JPG','In Stock','natural-black-opal-ring',8,0,8,1,'2018-01-28 11:15:08','0000-00-00 00:00:00');

/*Table structure for table `product_image` */

DROP TABLE IF EXISTS `product_image`;

CREATE TABLE `product_image` (
  `product_image_id` int(11) NOT NULL AUTO_INCREMENT,
  `product_id` int(11) NOT NULL,
  `image` varchar(255) DEFAULT NULL,
  `sort_order` int(3) NOT NULL DEFAULT '0',
  PRIMARY KEY (`product_image_id`)
) ENGINE=InnoDB AUTO_INCREMENT=2005 DEFAULT CHARSET=latin1;

/*Data for the table `product_image` */

insert  into `product_image`(`product_image_id`,`product_id`,`image`,`sort_order`) values 
(94,17,'products/images/lo280501/1.JPG',0),
(95,17,'products/images/lo280501/2.JPG',0),
(96,17,'products/images/lo280501/3.JPG',0),
(97,17,'products/images/lo280501/4.JPG',0),
(98,17,'products/images/lo280501/4q.JPG',0),
(256,1,'products/images/product2.png',0),
(257,1,'products/images/product3.png',0),
(260,3,'products/images/Black_Opal/14ct/black-opal-gem-330210b.jpg',0),
(261,3,'products/images/Black_Opal/14ct/black-opal-gem-330210a.jpg',0),
(262,2,'products/images/Black_Opal/9ct/black-opal-gem-330213b.jpg',0),
(263,2,'products/images/Black_Opal/9ct/black-opal-gem-330213c.jpg',0),
(264,4,'products/images/Black_Opal/3ct/black-opal-gem-324403b.jpg',0),
(265,4,'products/images/Black_Opal/3ct/black-opal-gem-324403a.jpg',0),
(268,5,'products/images/Black_Opal/1-5ct/black-opal-gem-329494b.jpg',0),
(269,5,'products/images/Black_Opal/1-5ct/black-opal-gem-329494a.jpg',0),
(270,6,'products/images/Black_Opal/2-5ct/black-opal-gem-352965c.jpg',0),
(271,6,'products/images/Black_Opal/2-5ct/black-opal-gem-352965b.jpg',0),
(272,6,'products/images/Black_Opal/1-5ct/black-opal-gem-329494a.jpg',0),
(273,18,'products/images/lo280502/1.JPG',0),
(274,18,'products/images/lo280502/2.JPG',0),
(275,18,'products/images/lo280502/3.JPG',0),
(276,18,'products/images/lo280502/4.JPG',0),
(277,18,'products/images/lo280502/5.JPG',0),
(278,18,'products/images/lo280502/6.JPG',0),
(279,18,'products/images/lo280502/7.JPG',0),
(280,18,'',0),
(287,22,'products/images/lo280505/1.JPG',0),
(288,22,'products/images/lo280505/2a.JPG',0),
(289,22,'products/images/lo280505/2.JPG',0),
(290,22,'products/images/lo280505/3a.JPG',0),
(291,22,'products/images/lo280505/4a.JPG',0),
(292,22,'products/images/lo280505/3.JPG',0),
(293,22,'products/images/lo280505/4.JPG',0),
(294,22,'products/images/lo280505/DSCN3284.JPG',0),
(295,21,'products/images/lo280504/1.JPG',0),
(296,21,'products/images/lo280504/2.JPG',0),
(297,21,'products/images/lo280504/3.JPG',0),
(298,21,'products/images/lo280504/4.JPG',0),
(299,21,'products/images/lo280504/DSCN3071.JPG',0),
(300,20,'products/images/lo280503/1.JPG',0),
(301,20,'products/images/lo280503/2.JPG',0),
(302,20,'products/images/lo280503/3.JPG',0),
(303,20,'products/images/lo280503/3a.JPG',0),
(304,20,'products/images/lo280503/5.JPG',0),
(305,19,'products/images/lo280501/1.JPG',0),
(306,19,'products/images/lo280501/2.JPG',0),
(307,19,'products/images/lo280501/3.JPG',0),
(308,19,'products/images/lo280501/4.JPG',0),
(309,19,'products/images/lo280501/4q.JPG',0),
(310,19,'products/images/lo280501/DSCN3656.JPG',0),
(667,27,'images/opal_ring/er150/1.JPG',1),
(668,27,'images/opal_ring/er150/2a.JPG',2),
(669,27,'images/opal_ring/er150/3.JPG',3),
(670,27,'images/opal_ring/er150/4.JPG',4),
(671,27,'images/opal_ring/er150/5.JPG',5),
(672,27,'images/opal_ring/er150/6.JPG',6),
(673,27,'images/opal_ring/er150/7.JPG',7),
(674,27,'images/opal_ring/er150/8.JPG',8),
(675,27,'images/opal_ring/er150/9.JPG',9),
(676,27,'images/opal_ring/er150/10.JPG',10),
(687,29,'images/black_opal/elo175/1.JPG',1),
(688,29,'images/black_opal/elo175/9.JPG',2),
(689,29,'images/black_opal/elo175/8a.JPG',3),
(690,29,'images/black_opal/elo175/7.JPG',4),
(691,29,'images/black_opal/elo175/6.JPG',5),
(692,29,'images/black_opal/elo175/5.JPG',6),
(693,29,'images/black_opal/elo175/4.JPG',7),
(694,29,'images/black_opal/elo175/3.JPG',8),
(695,29,'images/black_opal/elo175/2.JPG',9),
(696,29,'images/black_opal/elo175/10.JPG',10),
(765,28,'images/pendant_necklace/epn35/1.JPG',1),
(766,28,'images/pendant_necklace/epn35/2.JPG',2),
(767,28,'images/pendant_necklace/epn35/3.JPG',3),
(768,28,'images/pendant_necklace/epn35/4.JPG',4),
(769,28,'images/pendant_necklace/epn35/5.JPG',5),
(770,28,'images/pendant_necklace/epn35/6.JPG',6),
(791,32,'images/black_opal/elo79/1.JPG',1),
(792,32,'images/black_opal/elo79/2.JPG',2),
(793,32,'images/black_opal/elo79/3.JPG',3),
(794,32,'images/black_opal/elo79/4.JPG',4),
(795,32,'images/black_opal/elo79/5.JPG',5),
(796,30,'images/dark_opal/elo217/1.JPG',1),
(797,30,'images/dark_opal/elo217/2.JPG',2),
(798,30,'images/dark_opal/elo217/3a.JPG',3),
(799,30,'images/dark_opal/elo217/4.JPG',4),
(800,30,'images/dark_opal/elo217/5.JPG',5),
(801,30,'images/dark_opal/elo217/6.JPG',6),
(802,30,'images/dark_opal/elo217/7.JPG',7),
(803,30,'images/dark_opal/elo217/8.JPG',8),
(804,30,'images/dark_opal/elo217/9.JPG',9),
(805,30,'images/dark_opal/elo217/10.JPG',10),
(826,26,'pages/light_opal/elo111/1.JPG',1),
(827,26,'pages/light_opal/elo111/2.JPG',2),
(828,26,'pages/light_opal/elo111/3.JPG',3),
(829,26,'pages/light_opal/elo111/4.JPG',4),
(830,26,'pages/light_opal/elo111/5.JPG',5),
(831,26,'pages/light_opal/elo111/6.JPG',6),
(836,33,'images/pendant_necklace/epn36/1.JPG',1),
(837,33,'images/pendant_necklace/epn36/2.JPG',2),
(838,33,'images/pendant_necklace/epn36/3.JPG',3),
(839,33,'images/pendant_necklace/epn36/4.JPG',4),
(850,35,'images/dark_opal/elo183/1a.JPG',1),
(851,35,'images/dark_opal/elo183/2.JPG',2),
(852,35,'images/dark_opal/elo183/3.JPG',3),
(853,35,'images/dark_opal/elo183/4.JPG',4),
(854,35,'images/dark_opal/elo183/5.JPG',5),
(855,35,'images/dark_opal/elo183/6.JPG',6),
(856,35,'images/dark_opal/elo183/7.JPG',7),
(857,35,'images/dark_opal/elo183/8.JPG',8),
(858,35,'images/dark_opal/elo183/9.JPG',9),
(859,35,'images/dark_opal/elo183/10.JPG',10),
(860,25,'images/light_opal/elo262/1.JPG',1),
(861,25,'images/light_opal/elo262/2.JPG',2),
(862,25,'images/light_opal/elo262/3.JPG',3),
(863,25,'images/light_opal/elo262/4.JPG',4),
(864,25,'images/light_opal/elo262/5.JPG',5),
(865,25,'images/light_opal/elo262/6.JPG',6),
(866,25,'images/light_opal/elo262/7.JPG',7),
(867,25,'images/light_opal/elo262/8.JPG',8),
(868,25,'images/light_opal/elo262/9.JPG',9),
(869,25,'images/light_opal/elo262/10.JPG',10),
(890,37,'images/light_opal/elo111/1.JPG',0),
(891,37,'images/light_opal/elo111/2.JPG',0),
(892,37,'images/light_opal/elo111/3.JPG',0),
(893,37,'images/light_opal/elo111/4.JPG',0),
(894,37,'images/light_opal/elo111/5.JPG',0),
(895,37,'images/light_opal/elo111/6.JPG',0),
(896,38,'images/dark_opal/elo88/A.jpg',0),
(897,38,'images/dark_opal/elo88/1.JPG',0),
(898,38,'images/dark_opal/elo88/2.JPG',0),
(899,38,'images/dark_opal/elo88/3.JPG',0),
(900,38,'images/dark_opal/elo88/4.JPG',0),
(901,38,'images/dark_opal/elo88/DSCN8772.JPG',0),
(935,39,'images/opal_ring/er145/1.JPG',1),
(936,39,'images/opal_ring/er145/2.JPG',2),
(937,39,'images/opal_ring/er145/3.JPG',3),
(938,39,'images/opal_ring/er145/5.JPG',4),
(939,39,'images/opal_ring/er145/6.JPG',5),
(940,39,'images/opal_ring/er145/8.JPG',6),
(941,39,'images/opal_ring/er145/9.JPG',7),
(951,41,'images/dark_opal/elo72/2.JPG',0),
(952,41,'images/dark_opal/elo72/3.JPG',0),
(953,41,'images/dark_opal/elo72/4.JPG',0),
(954,41,'images/dark_opal/elo72/5.JPG',0),
(955,41,'images/dark_opal/elo72/6.JPG',0),
(956,41,'images/dark_opal/elo72/7.JPG',0),
(957,41,'images/dark_opal/elo72/8.JPG',0),
(958,41,'images/dark_opal/elo72/9.JPG',0),
(959,41,'images/dark_opal/elo72/10.JPG',0),
(960,42,'images/opal_ring/er156/1.JPG',1),
(961,42,'images/opal_ring/er156/6.JPG',2),
(962,42,'images/opal_ring/er156/2.JPG',3),
(963,42,'images/opal_ring/er156/3.JPG',4),
(964,42,'images/opal_ring/er156/4.JPG',5),
(965,42,'images/opal_ring/er156/5.JPG',6),
(966,42,'images/opal_ring/er156/7.JPG',7),
(973,40,'images/opal_ring/er121/1.JPG',1),
(974,40,'images/opal_ring/er121/3.JPG',2),
(975,40,'images/opal_ring/er121/4.JPG',3),
(976,40,'images/opal_ring/er121/6.JPG',4),
(977,40,'images/opal_ring/er121/9a.JPG',5),
(978,40,'images/opal_ring/er121/2.JPG',6),
(986,43,'images/opal_ring/er157/1.JPG',1),
(987,43,'images/opal_ring/er157/2.JPG',2),
(988,43,'images/opal_ring/er157/3.JPG',3),
(989,43,'images/opal_ring/er157/4.JPG',4),
(990,43,'images/opal_ring/er157/5.JPG',5),
(991,43,'images/opal_ring/er157/6.JPG',6),
(992,43,'images/opal_ring/er157/7.JPG',7),
(1013,44,'images/light_opal/elo295/1.JPG',1),
(1014,44,'images/light_opal/elo295/2a.JPG',2),
(1015,44,'images/light_opal/elo295/3.JPG',3),
(1016,44,'images/light_opal/elo295/4.JPG',4),
(1017,44,'images/light_opal/elo295/5.JPG',5),
(1018,44,'images/light_opal/elo295/6.JPG',6),
(1019,44,'images/light_opal/elo295/7.JPG',7),
(1020,44,'images/light_opal/elo295/8.JPG',8),
(1021,44,'images/light_opal/elo295/9.JPG',9),
(1022,44,'images/light_opal/elo295/10.JPG',10),
(1023,45,'images/black_opal/elo293/1.JPG',1),
(1024,45,'images/black_opal/elo293/2.JPG',2),
(1025,45,'images/black_opal/elo293/3.JPG',3),
(1026,45,'images/black_opal/elo293/4.JPG',4),
(1027,45,'images/black_opal/elo293/5.JPG',5),
(1028,45,'images/black_opal/elo293/6.JPG',6),
(1039,46,'images/opal_ring/er141/1.jpg',1),
(1040,46,'images/opal_ring/er141/2.jpg',2),
(1041,46,'images/opal_ring/er141/3.jpg',3),
(1042,46,'images/opal_ring/er141/4.jpg',4),
(1043,46,'images/opal_ring/er141/5.jpg',5),
(1044,46,'images/opal_ring/er141/6.jpg',6),
(1045,46,'images/opal_ring/er141/7.JPG',7),
(1046,46,'images/opal_ring/er141/8.JPG',8),
(1047,46,'images/opal_ring/er141/9.JPG',9),
(1048,46,'images/opal_ring/er141/10.JPG',10),
(1049,47,'images/dark_opal/elo114/1.JPG',1),
(1050,47,'images/dark_opal/elo114/2.JPG',2),
(1051,47,'images/dark_opal/elo114/3.JPG',3),
(1052,47,'images/dark_opal/elo114/4.JPG',4),
(1053,47,'images/dark_opal/elo114/5.JPG',5),
(1054,47,'images/dark_opal/elo114/6.JPG',6),
(1055,47,'images/dark_opal/elo114/7.JPG',7),
(1056,47,'images/dark_opal/elo114/8.JPG',8),
(1057,47,'images/dark_opal/elo114/9.JPG',9),
(1058,47,'images/dark_opal/elo114/10.JPG',10),
(1059,48,'images/opal_ring/er110/1a.JPG',1),
(1060,48,'images/opal_ring/er110/2a.JPG',2),
(1061,48,'images/opal_ring/er110/3.JPG',8),
(1062,48,'images/opal_ring/er110/4.JPG',3),
(1063,48,'images/opal_ring/er110/5.JPG',4),
(1064,48,'images/opal_ring/er110/6.JPG',5),
(1065,48,'images/opal_ring/er110/7.JPG',6),
(1066,48,'images/opal_ring/er110/8.JPG',7),
(1067,49,'images/opal_ring/er118/1.JPG',1),
(1068,49,'images/opal_ring/er118/2.JPG',5),
(1069,49,'images/opal_ring/er118/3.JPG',6),
(1070,49,'images/opal_ring/er118/4.JPG',2),
(1071,49,'images/opal_ring/er118/5.JPG',7),
(1072,49,'images/opal_ring/er118/6.JPG',3),
(1073,49,'images/opal_ring/er118/7.JPG',8),
(1074,49,'images/opal_ring/er118/8.JPG',4),
(1855,23,'images/black_opal/elo288/1.JPG',1),
(1856,23,'images/black_opal/elo288/2.JPG',2),
(1857,23,'images/black_opal/elo288/4.JPG',3),
(1858,23,'images/black_opal/elo288/3.JPG',4),
(1859,23,'images/black_opal/elo288/5.JPG',5),
(1860,23,'images/black_opal/elo288/6.JPG',6),
(1861,23,'images/black_opal/elo288/7.JPG',7),
(1862,23,'images/black_opal/elo288/8.JPG',8),
(1863,23,'images/black_opal/elo288/9.JPG',9),
(1864,23,'images/black_opal/elo288/10.JPG',10),
(1965,36,'images/light_opal/elo262/1.JPG',1),
(1966,36,'images/light_opal/elo262/2.JPG',2),
(1967,36,'images/light_opal/elo262/3.JPG',3),
(1968,36,'images/light_opal/elo262/4.JPG',4),
(1969,36,'images/light_opal/elo262/5.JPG',5),
(1970,36,'images/light_opal/elo262/6.JPG',6),
(1971,36,'images/light_opal/elo262/7.JPG',7),
(1972,36,'images/light_opal/elo262/8.JPG',8),
(1973,36,'images/light_opal/elo262/9.JPG',9),
(1974,36,'images/light_opal/elo262/10.JPG',10),
(1975,24,'images/black_opal/elo206/1.JPG',1),
(1976,24,'images/black_opal/elo206/2.JPG',2),
(1977,24,'images/black_opal/elo206/3.JPG',3),
(1978,24,'images/black_opal/elo206/4.JPG',4),
(1979,24,'images/black_opal/elo206/5.JPG',5),
(1980,24,'images/black_opal/elo206/6.JPG',6),
(1981,24,'images/black_opal/elo206/7.JPG',7),
(1982,24,'images/black_opal/elo206/8.JPG',8),
(1983,24,'images/black_opal/elo206/9.JPG',9),
(1984,24,'images/black_opal/elo206/10.JPG',10),
(1985,34,'images/black_opal/elo176/1.JPG',1),
(1986,34,'images/black_opal/elo176/2.JPG',2),
(1987,34,'images/black_opal/elo176/3.JPG',3),
(1988,34,'images/black_opal/elo176/4.JPG',4),
(1989,34,'images/black_opal/elo176/5.JPG',5),
(1990,34,'images/black_opal/elo176/6.JPG',6),
(1991,34,'images/black_opal/elo176/7.JPG',7),
(1992,34,'images/black_opal/elo176/8.JPG',8),
(1993,34,'images/black_opal/elo176/9.JPG',9),
(1994,34,'images/black_opal/elo176/10.JPG',10),
(1995,31,'images/pendant_necklace/epn30/1.JPG',1),
(1996,31,'images/pendant_necklace/epn30/2.JPG',2),
(1997,31,'images/pendant_necklace/epn30/3.JPG',3),
(1998,31,'images/pendant_necklace/epn30/4.JPG',4),
(1999,31,'images/pendant_necklace/epn30/5.JPG',5),
(2000,31,'images/pendant_necklace/epn30/6.JPG',6),
(2001,31,'images/pendant_necklace/epn30/7.JPG',7),
(2002,31,'images/pendant_necklace/epn30/8.JPG',8),
(2003,31,'images/pendant_necklace/epn30/9.JPG',9),
(2004,31,'images/pendant_necklace/epn30/10.JPG',10);

/*Table structure for table `product_option` */

DROP TABLE IF EXISTS `product_option`;

CREATE TABLE `product_option` (
  `product_option_id` int(11) NOT NULL AUTO_INCREMENT,
  `product_id` int(11) NOT NULL,
  `option_id` int(11) NOT NULL,
  `value` text NOT NULL,
  `required` int(11) NOT NULL DEFAULT '0',
  PRIMARY KEY (`product_option_id`)
) ENGINE=InnoDB AUTO_INCREMENT=101 DEFAULT CHARSET=latin1;

/*Data for the table `product_option` */

insert  into `product_option`(`product_option_id`,`product_id`,`option_id`,`value`,`required`) values 
(85,23,1,'material',1),
(86,23,1,'Size',1),
(87,23,2,'Tes',1),
(88,36,3,'Custom Ring',1),
(92,36,3,'Size',1),
(93,36,3,'Custom Pendant',1),
(94,24,3,'Sterling Ring',1),
(95,24,3,'Sterling Ring',1),
(96,34,3,'Sterling Ring',1),
(97,34,3,'Sterling Ring',1),
(98,34,3,'10k Gold Ring',1),
(99,34,3,'10k Gold Ring',1),
(100,31,2,'Custom Ring',1);

/*Table structure for table `product_option_value` */

DROP TABLE IF EXISTS `product_option_value`;

CREATE TABLE `product_option_value` (
  `product_option_value_id` int(11) NOT NULL AUTO_INCREMENT,
  `product_option_id` int(11) NOT NULL,
  `product_id` int(11) NOT NULL,
  `option_id` int(11) NOT NULL,
  `value` text NOT NULL,
  `price` decimal(15,4) NOT NULL DEFAULT '0.0000',
  `price_prefix` varchar(1) NOT NULL DEFAULT '+',
  `weight` decimal(15,8) DEFAULT '0.00000000',
  `weight_prefix` varchar(1) NOT NULL DEFAULT '+',
  PRIMARY KEY (`product_option_value_id`)
) ENGINE=InnoDB AUTO_INCREMENT=208 DEFAULT CHARSET=latin1;

/*Data for the table `product_option_value` */

insert  into `product_option_value`(`product_option_value_id`,`product_option_id`,`product_id`,`option_id`,`value`,`price`,`price_prefix`,`weight`,`weight_prefix`) values 
(167,85,23,1,'alumunium',2.0000,'+',2.00000000,'+'),
(168,85,23,1,'emas',3.0000,'+',3.00000000,'+'),
(169,86,23,1,'11',1.0000,'+',3.00000000,'+'),
(170,86,23,1,'12',2.0000,'+',4.00000000,'+'),
(171,87,23,2,'tes 1',2.0000,'+',3.00000000,'+'),
(172,87,23,2,'tes2',3.0000,'+',4.00000000,'+'),
(174,85,23,1,'perak',4.0000,'+',3.00000000,'+'),
(175,88,36,3,'10k YG',145.0000,'+',0.00000000,'+'),
(179,88,36,3,'14k YG',175.0000,'+',0.00000000,'+'),
(180,88,36,3,'Sterling',45.0000,'+',0.00000000,'+'),
(186,88,36,3,'10k YG',0.0000,'+',0.00000000,'+'),
(187,88,36,3,'14k YG',0.0000,'+',0.00000000,'+'),
(188,88,36,3,'Sterling',0.0000,'+',0.00000000,'+'),
(189,92,36,3,'10',25.0000,'+',0.00000000,'+'),
(190,93,36,3,'10k YG',145.0000,'+',0.00000000,'+'),
(193,92,36,3,'5.5',0.0000,'+',0.00000000,'+'),
(194,92,36,3,'6',0.0000,'+',0.00000000,'+'),
(195,92,36,3,'10',25.0000,'+',0.00000000,'+'),
(196,93,36,3,'14k YG',175.0000,'+',0.00000000,'+'),
(197,93,36,3,'Sterling',45.0000,'+',0.00000000,'+'),
(198,88,36,0,'10k YG',0.0000,'+',0.00000000,'+'),
(199,88,36,0,'14k YG',0.0000,'+',0.00000000,'+'),
(200,88,36,0,'Sterling',0.0000,'+',0.00000000,'+'),
(201,94,24,3,'Design A',35.0000,'+',1.00000000,'+'),
(202,95,24,3,'Design B',35.0000,'+',1.00000000,'+'),
(203,96,34,3,'Design 1',35.0000,'+',1.00000000,'+'),
(204,97,34,3,'Design 2',35.0000,'+',1.00000000,'+'),
(205,98,34,3,'Design 1',75.0000,'+',1.00000000,'+'),
(206,99,34,3,'Design 2',100.0000,'+',1.00000000,'+'),
(207,100,31,2,'120',80.0000,'+',90.00000000,'+');

/*Table structure for table `product_special` */

DROP TABLE IF EXISTS `product_special`;

CREATE TABLE `product_special` (
  `product_special_id` int(11) NOT NULL AUTO_INCREMENT,
  `product_id` int(11) NOT NULL,
  `price` decimal(15,4) NOT NULL DEFAULT '0.0000',
  `date_start` date NOT NULL DEFAULT '0000-00-00',
  `date_end` date NOT NULL DEFAULT '0000-00-00',
  PRIMARY KEY (`product_special_id`)
) ENGINE=InnoDB AUTO_INCREMENT=43 DEFAULT CHARSET=latin1;

/*Data for the table `product_special` */

insert  into `product_special`(`product_special_id`,`product_id`,`price`,`date_start`,`date_end`) values 
(10,1,199.9900,'2015-09-01','2015-09-23'),
(38,23,239.9900,'2018-02-01','2018-09-02'),
(39,36,0.0000,'0000-00-00','0000-00-00'),
(40,24,0.0000,'0000-00-00','0000-00-00'),
(41,34,0.0000,'0000-00-00','0000-00-00'),
(42,31,0.0000,'0000-00-00','0000-00-00');

/*Table structure for table `product_video` */

DROP TABLE IF EXISTS `product_video`;

CREATE TABLE `product_video` (
  `product_video_id` int(11) NOT NULL AUTO_INCREMENT,
  `product_id` int(11) NOT NULL,
  `video` varchar(255) DEFAULT NULL,
  `type` varchar(10) NOT NULL,
  PRIMARY KEY (`product_video_id`)
) ENGINE=InnoDB AUTO_INCREMENT=41 DEFAULT CHARSET=latin1;

/*Data for the table `product_video` */

insert  into `product_video`(`product_video_id`,`product_id`,`video`,`type`) values 
(37,1,'products/videos/Pink Topaz Gemstone.mp4','mp4'),
(38,1,'products/videos/Pink Topaz Gemstone.webm','webm'),
(39,1,'products/videos/Pink Topaz Gemstone.ogv','ogv'),
(40,6,'products/videos/Pink Topaz Gemstone.mp4','mp4');

/*Table structure for table `review` */

DROP TABLE IF EXISTS `review`;

CREATE TABLE `review` (
  `review_id` int(11) NOT NULL AUTO_INCREMENT,
  `product_id` int(11) NOT NULL,
  `customer_id` varchar(255) DEFAULT NULL,
  `author` varchar(64) NOT NULL,
  `title` varchar(255) NOT NULL,
  `text` text NOT NULL,
  `rating` int(1) NOT NULL,
  `status` tinyint(1) NOT NULL DEFAULT '0',
  `date_added` datetime NOT NULL,
  `date_modified` datetime NOT NULL,
  `order_id` int(11) DEFAULT NULL,
  PRIMARY KEY (`review_id`)
) ENGINE=InnoDB AUTO_INCREMENT=8 DEFAULT CHARSET=latin1;

/*Data for the table `review` */

insert  into `review`(`review_id`,`product_id`,`customer_id`,`author`,`title`,`text`,`rating`,`status`,`date_added`,`date_modified`,`order_id`) values 
(4,23,NULL,'','','dsadsad',1,1,'2018-08-31 02:54:11','0000-00-00 00:00:00',178),
(5,24,NULL,'','','dwqdwqd',1,1,'2018-08-31 02:54:11','0000-00-00 00:00:00',178),
(6,29,NULL,'','','dwqdwqdwq',1,1,'2018-08-31 02:54:11','0000-00-00 00:00:00',178),
(7,23,NULL,'','','asdasd',5,0,'2018-09-03 03:45:51','0000-00-00 00:00:00',179);

/*Table structure for table `review_product` */

DROP TABLE IF EXISTS `review_product`;

CREATE TABLE `review_product` (
  `review_id` int(11) NOT NULL AUTO_INCREMENT,
  `product_id` int(11) NOT NULL,
  `order_id` int(11) NOT NULL,
  `author` varchar(64) NOT NULL,
  `title` varchar(255) NOT NULL,
  `text` text NOT NULL,
  `rating` int(1) NOT NULL,
  `status` int(1) NOT NULL,
  `date_added` datetime NOT NULL,
  `date_modified` datetime NOT NULL,
  PRIMARY KEY (`review_id`)
) ENGINE=MyISAM DEFAULT CHARSET=latin1;

/*Data for the table `review_product` */

/*Table structure for table `setting` */

DROP TABLE IF EXISTS `setting`;

CREATE TABLE `setting` (
  `setting_id` int(11) NOT NULL AUTO_INCREMENT,
  `code` varchar(255) NOT NULL,
  `title` varchar(255) NOT NULL,
  `value` text NOT NULL,
  `status` tinyint(4) NOT NULL,
  PRIMARY KEY (`setting_id`)
) ENGINE=InnoDB AUTO_INCREMENT=27 DEFAULT CHARSET=latin1;

/*Data for the table `setting` */

insert  into `setting`(`setting_id`,`code`,`title`,`value`,`status`) values 
(1,'bank','Bank Transfer','<p>Not available</p>',0),
(2,'paypal','Paypal','',1),
(3,'paypal','Business Email','cyberpreneurship12-facilitator@gmail.com',1),
(4,'paypal','Notify Url','http://joscelynopal.com/checkout/paypal/notify',1),
(5,'paypal','Return Url','http://joscelynopal.com/checkout/success',1),
(6,'paypal','Cancel Url','http://joscelynopal.com/checkout/cart',1),
(7,'paypal','Currency Code','USD',1),
(8,'paypal','Checkout Logo','http://joscelynopal.com/assets/images/general/logo-190x60.png',1),
(9,'paypal','Test Mode','',1),
(10,'paypal','Debug Email','fatih@designcub3.com',1),
(11,'email','Email Notification','rizal@designcub3.com',1),
(16,'shipping','REGISTERED POST','',1),
(17,'config','config_store_name','Joscelyn Opal',1),
(18,'config','config_store_address','HR. Rasuna Said \r\nEpicentrum 5 Suite 529A',1),
(19,'config','config_store_email','cyberpreneurship12@gmail.com',1),
(20,'config','config_store_telephone','83876806058',1),
(21,'social','social_fb','',1),
(22,'social','social_tw','',1),
(23,'social','social_ig','',1),
(24,'shipping','EXPRESS SHIPPING (EMS)','',1),
(25,'shipping','DHL','',1),
(26,'maintenance','Maintenance','1',1);

/*Table structure for table `slideshow` */

DROP TABLE IF EXISTS `slideshow`;

CREATE TABLE `slideshow` (
  `slideshow_id` int(11) NOT NULL AUTO_INCREMENT,
  `image` varchar(255) NOT NULL,
  `title` varchar(255) NOT NULL,
  `link` varchar(255) NOT NULL DEFAULT '#',
  `sort_order` int(11) NOT NULL,
  `date_added` datetime NOT NULL,
  `date_modified` datetime NOT NULL,
  PRIMARY KEY (`slideshow_id`)
) ENGINE=InnoDB AUTO_INCREMENT=12 DEFAULT CHARSET=latin1;

/*Data for the table `slideshow` */

insert  into `slideshow`(`slideshow_id`,`image`,`title`,`link`,`sort_order`,`date_added`,`date_modified`) values 
(9,'slideshow/bb1.jpg','b1','http://joscelynopal.com/shop/black-opal/lightning-ridge-natural-solid-polished-black-opal-with-multi-color-fires',1,'2018-01-24 15:51:00','2018-01-24 16:30:34'),
(10,'slideshow/bb2.jpg','b2','http://joscelynopal.com/shop/light-opal/lightning-ridge-natural-solid-polished-opal-with-multi-color-fires',2,'2018-01-24 15:55:54','2018-01-24 16:30:10'),
(11,'slideshow/b3.jpg','b3','http://joscelynopal.com/shop/dark-opal/lightning-ridge-natural-solid-polished-dark-opal-with-multi-color-fires',3,'2018-01-24 15:56:40','0000-00-00 00:00:00');

/*Table structure for table `subscribe` */

DROP TABLE IF EXISTS `subscribe`;

CREATE TABLE `subscribe` (
  `subscribe_id` int(11) NOT NULL AUTO_INCREMENT,
  `customer_id` int(11) NOT NULL DEFAULT '0',
  `email` varchar(255) NOT NULL,
  `status` enum('subscribe','unsubscribe') NOT NULL DEFAULT 'subscribe',
  `date_added` datetime NOT NULL,
  `date_modified` datetime NOT NULL,
  PRIMARY KEY (`subscribe_id`)
) ENGINE=InnoDB AUTO_INCREMENT=8 DEFAULT CHARSET=latin1;

/*Data for the table `subscribe` */

insert  into `subscribe`(`subscribe_id`,`customer_id`,`email`,`status`,`date_added`,`date_modified`) values 
(1,1,'fahmil.arief26@gmail.com','subscribe','2015-08-10 09:48:19','2015-08-27 10:16:03'),
(2,2,'customer1@gmail.com','subscribe','2015-08-26 14:05:10','0000-00-00 00:00:00'),
(3,0,'fahmil@designcub3.com','subscribe','2015-09-17 16:40:05','0000-00-00 00:00:00'),
(4,4,'demo@designcub3.com','unsubscribe','2015-09-22 08:19:26','0000-00-00 00:00:00'),
(5,0,'','subscribe','2015-09-22 08:27:53','0000-00-00 00:00:00'),
(6,5,'fatih@designcub3.com','unsubscribe','2018-02-09 10:42:26','0000-00-00 00:00:00'),
(7,6,'davithermansyah37@gmail.com','unsubscribe','2019-05-08 04:42:59','0000-00-00 00:00:00');

/*Table structure for table `temp_forgot` */

DROP TABLE IF EXISTS `temp_forgot`;

CREATE TABLE `temp_forgot` (
  `id` int(11) NOT NULL AUTO_INCREMENT,
  `email` varchar(255) NOT NULL,
  `token` varchar(255) NOT NULL,
  `expired` datetime NOT NULL,
  PRIMARY KEY (`id`)
) ENGINE=InnoDB DEFAULT CHARSET=latin1;

/*Data for the table `temp_forgot` */

/*Table structure for table `users` */

DROP TABLE IF EXISTS `users`;

CREATE TABLE `users` (
  `user_id` int(10) unsigned NOT NULL AUTO_INCREMENT,
  `username` varchar(60) NOT NULL DEFAULT '',
  `user_email` varchar(255) NOT NULL DEFAULT '',
  `user_pass` varchar(60) NOT NULL DEFAULT '',
  `user_date` datetime NOT NULL DEFAULT '0000-00-00 00:00:00',
  `token` varchar(255) NOT NULL,
  PRIMARY KEY (`user_id`),
  UNIQUE KEY `user_email` (`user_email`)
) ENGINE=InnoDB AUTO_INCREMENT=5 DEFAULT CHARSET=utf8;

/*Data for the table `users` */

insert  into `users`(`user_id`,`username`,`user_email`,`user_pass`,`user_date`,`token`) values 
(3,'admin','fahmil@designcub3.com','$2a$07$padajodadhaihiw1oihlkeYW2II2rbIoXjQsmuBEi8HS6hat/SYrG','2015-10-16 09:46:07','d950379714884d59eff201b94f6168d0'),
(4,'admin1','admin@test.com','$2a$07$padajodadhaihiw1oihlkeMI4a7PIKD4gGwrhi13dztncqm28/a.6','2019-05-07 12:13:22','');

/*Table structure for table `zone` */

DROP TABLE IF EXISTS `zone`;

CREATE TABLE `zone` (
  `zone_id` int(11) NOT NULL AUTO_INCREMENT,
  `country_id` int(11) NOT NULL,
  `name` varchar(128) NOT NULL,
  PRIMARY KEY (`zone_id`)
) ENGINE=MyISAM AUTO_INCREMENT=4231 DEFAULT CHARSET=utf8;

/*Data for the table `zone` */

insert  into `zone`(`zone_id`,`country_id`,`name`) values 
(1,1,'Badakhshan'),
(2,1,'Badghis'),
(3,1,'Baghlan'),
(4,1,'Balkh'),
(5,1,'Bamian'),
(6,1,'Farah'),
(7,1,'Faryab'),
(8,1,'Ghazni'),
(9,1,'Ghowr'),
(10,1,'Helmand'),
(11,1,'Herat'),
(12,1,'Jowzjan'),
(13,1,'Kabul'),
(14,1,'Kandahar'),
(15,1,'Kapisa'),
(16,1,'Khost'),
(17,1,'Konar'),
(18,1,'Kondoz'),
(19,1,'Laghman'),
(20,1,'Lowgar'),
(21,1,'Nangrahar'),
(22,1,'Nimruz'),
(23,1,'Nurestan'),
(24,1,'Oruzgan'),
(25,1,'Paktia'),
(26,1,'Paktika'),
(27,1,'Parwan'),
(28,1,'Samangan'),
(29,1,'Sar-e Pol'),
(30,1,'Takhar'),
(31,1,'Wardak'),
(32,1,'Zabol'),
(33,2,'Berat'),
(34,2,'Bulqize'),
(35,2,'Delvine'),
(36,2,'Devoll'),
(37,2,'Diber'),
(38,2,'Durres'),
(39,2,'Elbasan'),
(40,2,'Kolonje'),
(41,2,'Fier'),
(42,2,'Gjirokaster'),
(43,2,'Gramsh'),
(44,2,'Has'),
(45,2,'Kavaje'),
(46,2,'Kurbin'),
(47,2,'Kucove'),
(48,2,'Korce'),
(49,2,'Kruje'),
(50,2,'Kukes'),
(51,2,'Librazhd'),
(52,2,'Lezhe'),
(53,2,'Lushnje'),
(54,2,'Malesi e Madhe'),
(55,2,'Mallakaster'),
(56,2,'Mat'),
(57,2,'Mirdite'),
(58,2,'Peqin'),
(59,2,'Permet'),
(60,2,'Pogradec'),
(61,2,'Puke'),
(62,2,'Shkoder'),
(63,2,'Skrapar'),
(64,2,'Sarande'),
(65,2,'Tepelene'),
(66,2,'Tropoje'),
(67,2,'Tirane'),
(68,2,'Vlore'),
(69,3,'Adrar'),
(70,3,'Ain Defla'),
(71,3,'Ain Temouchent'),
(72,3,'Alger'),
(73,3,'Annaba'),
(74,3,'Batna'),
(75,3,'Bechar'),
(76,3,'Bejaia'),
(77,3,'Biskra'),
(78,3,'Blida'),
(79,3,'Bordj Bou Arreridj'),
(80,3,'Bouira'),
(81,3,'Boumerdes'),
(82,3,'Chlef'),
(83,3,'Constantine'),
(84,3,'Djelfa'),
(85,3,'El Bayadh'),
(86,3,'El Oued'),
(87,3,'El Tarf'),
(88,3,'Ghardaia'),
(89,3,'Guelma'),
(90,3,'Illizi'),
(91,3,'Jijel'),
(92,3,'Khenchela'),
(93,3,'Laghouat'),
(94,3,'Muaskar'),
(95,3,'Medea'),
(96,3,'Mila'),
(97,3,'Mostaganem'),
(98,3,'M\'Sila'),
(99,3,'Naama'),
(100,3,'Oran'),
(101,3,'Ouargla'),
(102,3,'Oum el-Bouaghi'),
(103,3,'Relizane'),
(104,3,'Saida'),
(105,3,'Setif'),
(106,3,'Sidi Bel Abbes'),
(107,3,'Skikda'),
(108,3,'Souk Ahras'),
(109,3,'Tamanghasset'),
(110,3,'Tebessa'),
(111,3,'Tiaret'),
(112,3,'Tindouf'),
(113,3,'Tipaza'),
(114,3,'Tissemsilt'),
(115,3,'Tizi Ouzou'),
(116,3,'Tlemcen'),
(117,4,'Eastern'),
(118,4,'Manu\'a'),
(119,4,'Rose Island'),
(120,4,'Swains Island'),
(121,4,'Western'),
(122,5,'Andorra la Vella'),
(123,5,'Canillo'),
(124,5,'Encamp'),
(125,5,'Escaldes-Engordany'),
(126,5,'La Massana'),
(127,5,'Ordino'),
(128,5,'Sant Julia de Loria'),
(129,6,'Bengo'),
(130,6,'Benguela'),
(131,6,'Bie'),
(132,6,'Cabinda'),
(133,6,'Cuando-Cubango'),
(134,6,'Cuanza Norte'),
(135,6,'Cuanza Sul'),
(136,6,'Cunene'),
(137,6,'Huambo'),
(138,6,'Huila'),
(139,6,'Luanda'),
(140,6,'Lunda Norte'),
(141,6,'Lunda Sul'),
(142,6,'Malange'),
(143,6,'Moxico'),
(144,6,'Namibe'),
(145,6,'Uige'),
(146,6,'Zaire'),
(147,9,'Saint George'),
(148,9,'Saint John'),
(149,9,'Saint Mary'),
(150,9,'Saint Paul'),
(151,9,'Saint Peter'),
(152,9,'Saint Philip'),
(153,9,'Barbuda'),
(154,9,'Redonda'),
(155,10,'Antartida e Islas del Atlantico'),
(156,10,'Buenos Aires'),
(157,10,'Catamarca'),
(158,10,'Chaco'),
(159,10,'Chubut'),
(160,10,'Cordoba'),
(161,10,'Corrientes'),
(162,10,'Distrito Federal'),
(163,10,'Entre Rios'),
(164,10,'Formosa'),
(165,10,'Jujuy'),
(166,10,'La Pampa'),
(167,10,'La Rioja'),
(168,10,'Mendoza'),
(169,10,'Misiones'),
(170,10,'Neuquen'),
(171,10,'Rio Negro'),
(172,10,'Salta'),
(173,10,'San Juan'),
(174,10,'San Luis'),
(175,10,'Santa Cruz'),
(176,10,'Santa Fe'),
(177,10,'Santiago del Estero'),
(178,10,'Tierra del Fuego'),
(179,10,'Tucuman'),
(180,11,'Aragatsotn'),
(181,11,'Ararat'),
(182,11,'Armavir'),
(183,11,'Geghark\'unik\''),
(184,11,'Kotayk\''),
(185,11,'Lorri'),
(186,11,'Shirak'),
(187,11,'Syunik\''),
(188,11,'Tavush'),
(189,11,'Vayots\' Dzor'),
(190,11,'Yerevan'),
(191,13,'Australian Capital Territory'),
(192,13,'New South Wales'),
(193,13,'Northern Territory'),
(194,13,'Queensland'),
(195,13,'South Australia'),
(196,13,'Tasmania'),
(197,13,'Victoria'),
(198,13,'Western Australia'),
(199,14,'Burgenland'),
(200,14,'Krnten'),
(201,14,'Nieder&ouml;sterreich'),
(202,14,'Ober&ouml;sterreich'),
(203,14,'Salzburg'),
(204,14,'Steiermark'),
(205,14,'Tirol'),
(206,14,'Vorarlberg'),
(207,14,'Wien'),
(208,15,'Ali Bayramli'),
(209,15,'Abseron'),
(210,15,'AgcabAdi'),
(211,15,'Agdam'),
(212,15,'Agdas'),
(213,15,'Agstafa'),
(214,15,'Agsu'),
(215,15,'Astara'),
(216,15,'Baki'),
(217,15,'BabAk'),
(218,15,'BalakAn'),
(219,15,'BArdA'),
(220,15,'Beylaqan'),
(221,15,'Bilasuvar'),
(222,15,'Cabrayil'),
(223,15,'Calilabab'),
(224,15,'Culfa'),
(225,15,'Daskasan'),
(226,15,'Davaci'),
(227,15,'Fuzuli'),
(228,15,'Ganca'),
(229,15,'Gadabay'),
(230,15,'Goranboy'),
(231,15,'Goycay'),
(232,15,'Haciqabul'),
(233,15,'Imisli'),
(234,15,'Ismayilli'),
(235,15,'Kalbacar'),
(236,15,'Kurdamir'),
(237,15,'Lankaran'),
(238,15,'Lacin'),
(239,15,'Lankaran'),
(240,15,'Lerik'),
(241,15,'Masalli'),
(242,15,'Mingacevir'),
(243,15,'Naftalan'),
(244,15,'Neftcala'),
(245,15,'Oguz'),
(246,15,'Ordubad'),
(247,15,'Qabala'),
(248,15,'Qax'),
(249,15,'Qazax'),
(250,15,'Qobustan'),
(251,15,'Quba'),
(252,15,'Qubadli'),
(253,15,'Qusar'),
(254,15,'Saki'),
(255,15,'Saatli'),
(256,15,'Sabirabad'),
(257,15,'Sadarak'),
(258,15,'Sahbuz'),
(259,15,'Saki'),
(260,15,'Salyan'),
(261,15,'Sumqayit'),
(262,15,'Samaxi'),
(263,15,'Samkir'),
(264,15,'Samux'),
(265,15,'Sarur'),
(266,15,'Siyazan'),
(267,15,'Susa'),
(268,15,'Susa'),
(269,15,'Tartar'),
(270,15,'Tovuz'),
(271,15,'Ucar'),
(272,15,'Xankandi'),
(273,15,'Xacmaz'),
(274,15,'Xanlar'),
(275,15,'Xizi'),
(276,15,'Xocali'),
(277,15,'Xocavand'),
(278,15,'Yardimli'),
(279,15,'Yevlax'),
(280,15,'Zangilan'),
(281,15,'Zaqatala'),
(282,15,'Zardab'),
(283,15,'Naxcivan'),
(284,16,'Acklins'),
(285,16,'Berry Islands'),
(286,16,'Bimini'),
(287,16,'Black Point'),
(288,16,'Cat Island'),
(289,16,'Central Abaco'),
(290,16,'Central Andros'),
(291,16,'Central Eleuthera'),
(292,16,'City of Freeport'),
(293,16,'Crooked Island'),
(294,16,'East Grand Bahama'),
(295,16,'Exuma'),
(296,16,'Grand Cay'),
(297,16,'Harbour Island'),
(298,16,'Hope Town'),
(299,16,'Inagua'),
(300,16,'Long Island'),
(301,16,'Mangrove Cay'),
(302,16,'Mayaguana'),
(303,16,'Moore\'s Island'),
(304,16,'North Abaco'),
(305,16,'North Andros'),
(306,16,'North Eleuthera'),
(307,16,'Ragged Island'),
(308,16,'Rum Cay'),
(309,16,'San Salvador'),
(310,16,'South Abaco'),
(311,16,'South Andros'),
(312,16,'South Eleuthera'),
(313,16,'Spanish Wells'),
(314,16,'West Grand Bahama'),
(315,17,'Capital'),
(316,17,'Central'),
(317,17,'Muharraq'),
(318,17,'Northern'),
(319,17,'Southern'),
(320,18,'Barisal'),
(321,18,'Chittagong'),
(322,18,'Dhaka'),
(323,18,'Khulna'),
(324,18,'Rajshahi'),
(325,18,'Sylhet'),
(326,19,'Christ Church'),
(327,19,'Saint Andrew'),
(328,19,'Saint George'),
(329,19,'Saint James'),
(330,19,'Saint John'),
(331,19,'Saint Joseph'),
(332,19,'Saint Lucy'),
(333,19,'Saint Michael'),
(334,19,'Saint Peter'),
(335,19,'Saint Philip'),
(336,19,'Saint Thomas'),
(337,20,'Brestskaya (Brest)'),
(338,20,'Homyel\'skaya (Homyel\')'),
(339,20,'Horad Minsk'),
(340,20,'Hrodzyenskaya (Hrodna)'),
(341,20,'Mahilyowskaya (Mahilyow)'),
(342,20,'Minskaya'),
(343,20,'Vitsyebskaya (Vitsyebsk)'),
(344,21,'Antwerpen'),
(345,21,'Brabant Wallon'),
(346,21,'Hainaut'),
(347,21,'Lige'),
(348,21,'Limburg'),
(349,21,'Luxembourg'),
(350,21,'Namur'),
(351,21,'Oost-Vlaanderen'),
(352,21,'Vlaams Brabant'),
(353,21,'West-Vlaanderen'),
(354,22,'Belize'),
(355,22,'Cayo'),
(356,22,'Corozal'),
(357,22,'Orange Walk'),
(358,22,'Stann Creek'),
(359,22,'Toledo'),
(360,23,'Alibori'),
(361,23,'Atakora'),
(362,23,'Atlantique'),
(363,23,'Borgou'),
(364,23,'Collines'),
(365,23,'Donga'),
(366,23,'Kouffo'),
(367,23,'Littoral'),
(368,23,'Mono'),
(369,23,'Oueme'),
(370,23,'Plateau'),
(371,23,'Zou'),
(372,24,'Devonshire'),
(373,24,'Hamilton City'),
(374,24,'Hamilton'),
(375,24,'Paget'),
(376,24,'Pembroke'),
(377,24,'Saint George City'),
(378,24,'Saint George\'s'),
(379,24,'Sandys'),
(380,24,'Smith\'s'),
(381,24,'Southampton'),
(382,24,'Warwick'),
(383,25,'Bumthang'),
(384,25,'Chukha'),
(385,25,'Dagana'),
(386,25,'Gasa'),
(387,25,'Haa'),
(388,25,'Lhuntse'),
(389,25,'Mongar'),
(390,25,'Paro'),
(391,25,'Pemagatshel'),
(392,25,'Punakha'),
(393,25,'Samdrup Jongkhar'),
(394,25,'Samtse'),
(395,25,'Sarpang'),
(396,25,'Thimphu'),
(397,25,'Trashigang'),
(398,25,'Trashiyangste'),
(399,25,'Trongsa'),
(400,25,'Tsirang'),
(401,25,'Wangdue Phodrang'),
(402,25,'Zhemgang'),
(403,26,'Beni'),
(404,26,'Chuquisaca'),
(405,26,'Cochabamba'),
(406,26,'La Paz'),
(407,26,'Oruro'),
(408,26,'Pando'),
(409,26,'Potosi'),
(410,26,'Santa Cruz'),
(411,26,'Tarija'),
(412,27,'Brcko district'),
(413,27,'Unsko-Sanski Kanton'),
(414,27,'Posavski Kanton'),
(415,27,'Tuzlanski Kanton'),
(416,27,'Zenicko-Dobojski Kanton'),
(417,27,'Bosanskopodrinjski Kanton'),
(418,27,'Srednjebosanski Kanton'),
(419,27,'Hercegovacko-neretvanski Kanton'),
(420,27,'Zapadnohercegovacka Zupanija'),
(421,27,'Kanton Sarajevo'),
(422,27,'Zapadnobosanska'),
(423,27,'Banja Luka'),
(424,27,'Doboj'),
(425,27,'Bijeljina'),
(426,27,'Vlasenica'),
(427,27,'Sarajevo-Romanija or Sokolac'),
(428,27,'Foca'),
(429,27,'Trebinje'),
(430,28,'Central'),
(431,28,'Ghanzi'),
(432,28,'Kgalagadi'),
(433,28,'Kgatleng'),
(434,28,'Kweneng'),
(435,28,'Ngamiland'),
(436,28,'North East'),
(437,28,'North West'),
(438,28,'South East'),
(439,28,'Southern'),
(440,30,'Acre'),
(441,30,'Alagoas'),
(442,30,'Amap'),
(443,30,'Amazonas'),
(444,30,'Bahia'),
(445,30,'Cear'),
(446,30,'Distrito Federal'),
(447,30,'Esprito Santo'),
(448,30,'Gois'),
(449,30,'Maranho'),
(450,30,'Mato Grosso'),
(451,30,'Mato Grosso do Sul'),
(452,30,'Minas Gerais'),
(453,30,'Par'),
(454,30,'Paraba'),
(455,30,'Paran'),
(456,30,'Pernambuco'),
(457,30,'Piau'),
(458,30,'Rio de Janeiro'),
(459,30,'Rio Grande do Norte'),
(460,30,'Rio Grande do Sul'),
(461,30,'Rondnia'),
(462,30,'Roraima'),
(463,30,'Santa Catarina'),
(464,30,'So Paulo'),
(465,30,'Sergipe'),
(466,30,'Tocantins'),
(467,31,'Peros Banhos'),
(468,31,'Salomon Islands'),
(469,31,'Nelsons Island'),
(470,31,'Three Brothers'),
(471,31,'Eagle Islands'),
(472,31,'Danger Island'),
(473,31,'Egmont Islands'),
(474,31,'Diego Garcia'),
(475,32,'Belait'),
(476,32,'Brunei and Muara'),
(477,32,'Temburong'),
(478,32,'Tutong'),
(479,33,'Blagoevgrad'),
(480,33,'Burgas'),
(481,33,'Dobrich'),
(482,33,'Gabrovo'),
(483,33,'Haskovo'),
(484,33,'Kardjali'),
(485,33,'Kyustendil'),
(486,33,'Lovech'),
(487,33,'Montana'),
(488,33,'Pazardjik'),
(489,33,'Pernik'),
(490,33,'Pleven'),
(491,33,'Plovdiv'),
(492,33,'Razgrad'),
(493,33,'Shumen'),
(494,33,'Silistra'),
(495,33,'Sliven'),
(496,33,'Smolyan'),
(497,33,'Sofia'),
(498,33,'Sofia - town'),
(499,33,'Stara Zagora'),
(500,33,'Targovishte'),
(501,33,'Varna'),
(502,33,'Veliko Tarnovo'),
(503,33,'Vidin'),
(504,33,'Vratza'),
(505,33,'Yambol'),
(506,34,'Bale'),
(507,34,'Bam'),
(508,34,'Banwa'),
(509,34,'Bazega'),
(510,34,'Bougouriba'),
(511,34,'Boulgou'),
(512,34,'Boulkiemde'),
(513,34,'Comoe'),
(514,34,'Ganzourgou'),
(515,34,'Gnagna'),
(516,34,'Gourma'),
(517,34,'Houet'),
(518,34,'Ioba'),
(519,34,'Kadiogo'),
(520,34,'Kenedougou'),
(521,34,'Komondjari'),
(522,34,'Kompienga'),
(523,34,'Kossi'),
(524,34,'Koulpelogo'),
(525,34,'Kouritenga'),
(526,34,'Kourweogo'),
(527,34,'Leraba'),
(528,34,'Loroum'),
(529,34,'Mouhoun'),
(530,34,'Nahouri'),
(531,34,'Namentenga'),
(532,34,'Nayala'),
(533,34,'Noumbiel'),
(534,34,'Oubritenga'),
(535,34,'Oudalan'),
(536,34,'Passore'),
(537,34,'Poni'),
(538,34,'Sanguie'),
(539,34,'Sanmatenga'),
(540,34,'Seno'),
(541,34,'Sissili'),
(542,34,'Soum'),
(543,34,'Sourou'),
(544,34,'Tapoa'),
(545,34,'Tuy'),
(546,34,'Yagha'),
(547,34,'Yatenga'),
(548,34,'Ziro'),
(549,34,'Zondoma'),
(550,34,'Zoundweogo'),
(551,35,'Bubanza'),
(552,35,'Bujumbura'),
(553,35,'Bururi'),
(554,35,'Cankuzo'),
(555,35,'Cibitoke'),
(556,35,'Gitega'),
(557,35,'Karuzi'),
(558,35,'Kayanza'),
(559,35,'Kirundo'),
(560,35,'Makamba'),
(561,35,'Muramvya'),
(562,35,'Muyinga'),
(563,35,'Mwaro'),
(564,35,'Ngozi'),
(565,35,'Rutana'),
(566,35,'Ruyigi'),
(567,36,'Phnom Penh'),
(568,36,'Preah Seihanu (Kompong Som or Sihanoukville)'),
(569,36,'Pailin'),
(570,36,'Keb'),
(571,36,'Banteay Meanchey'),
(572,36,'Battambang'),
(573,36,'Kampong Cham'),
(574,36,'Kampong Chhnang'),
(575,36,'Kampong Speu'),
(576,36,'Kampong Som'),
(577,36,'Kampong Thom'),
(578,36,'Kampot'),
(579,36,'Kandal'),
(580,36,'Kaoh Kong'),
(581,36,'Kratie'),
(582,36,'Mondul Kiri'),
(583,36,'Oddar Meancheay'),
(584,36,'Pursat'),
(585,36,'Preah Vihear'),
(586,36,'Prey Veng'),
(587,36,'Ratanak Kiri'),
(588,36,'Siemreap'),
(589,36,'Stung Treng'),
(590,36,'Svay Rieng'),
(591,36,'Takeo'),
(592,37,'Adamawa (Adamaoua)'),
(593,37,'Centre'),
(594,37,'East (Est)'),
(595,37,'Extreme North (Extreme-Nord)'),
(596,37,'Littoral'),
(597,37,'North (Nord)'),
(598,37,'Northwest (Nord-Ouest)'),
(599,37,'West (Ouest)'),
(600,37,'South (Sud)'),
(601,37,'Southwest (Sud-Ouest).'),
(602,38,'Alberta'),
(603,38,'British Columbia'),
(604,38,'Manitoba'),
(605,38,'New Brunswick'),
(606,38,'Newfoundland and Labrador'),
(607,38,'Northwest Territories'),
(608,38,'Nova Scotia'),
(609,38,'Nunavut'),
(610,38,'Ontario'),
(611,38,'Prince Edward Island'),
(612,38,'Qu&eacute;bec'),
(613,38,'Saskatchewan'),
(614,38,'Yukon Territory'),
(615,39,'Boa Vista'),
(616,39,'Brava'),
(617,39,'Calheta de Sao Miguel'),
(618,39,'Maio'),
(619,39,'Mosteiros'),
(620,39,'Paul'),
(621,39,'Porto Novo'),
(622,39,'Praia'),
(623,39,'Ribeira Grande'),
(624,39,'Sal'),
(625,39,'Santa Catarina'),
(626,39,'Santa Cruz'),
(627,39,'Sao Domingos'),
(628,39,'Sao Filipe'),
(629,39,'Sao Nicolau'),
(630,39,'Sao Vicente'),
(631,39,'Tarrafal'),
(632,40,'Creek'),
(633,40,'Eastern'),
(634,40,'Midland'),
(635,40,'South Town'),
(636,40,'Spot Bay'),
(637,40,'Stake Bay'),
(638,40,'West End'),
(639,40,'Western'),
(640,41,'Bamingui-Bangoran'),
(641,41,'Basse-Kotto'),
(642,41,'Haute-Kotto'),
(643,41,'Haut-Mbomou'),
(644,41,'Kemo'),
(645,41,'Lobaye'),
(646,41,'Mambere-Kade'),
(647,41,'Mbomou'),
(648,41,'Nana-Mambere'),
(649,41,'Ombella-M\'Poko'),
(650,41,'Ouaka'),
(651,41,'Ouham'),
(652,41,'Ouham-Pende'),
(653,41,'Vakaga'),
(654,41,'Nana-Grebizi'),
(655,41,'Sangha-Mbaere'),
(656,41,'Bangui'),
(657,42,'Batha'),
(658,42,'Biltine'),
(659,42,'Borkou-Ennedi-Tibesti'),
(660,42,'Chari-Baguirmi'),
(661,42,'Guera'),
(662,42,'Kanem'),
(663,42,'Lac'),
(664,42,'Logone Occidental'),
(665,42,'Logone Oriental'),
(666,42,'Mayo-Kebbi'),
(667,42,'Moyen-Chari'),
(668,42,'Ouaddai'),
(669,42,'Salamat'),
(670,42,'Tandjile'),
(671,43,'Aisen del General Carlos Ibanez'),
(672,43,'Antofagasta'),
(673,43,'Araucania'),
(674,43,'Atacama'),
(675,43,'Bio-Bio'),
(676,43,'Coquimbo'),
(677,43,'Libertador General Bernardo O\'Higgins'),
(678,43,'Los Lagos'),
(679,43,'Magallanes y de la Antartica Chilena'),
(680,43,'Maule'),
(681,43,'Region Metropolitana'),
(682,43,'Tarapaca'),
(683,43,'Valparaiso'),
(684,44,'Anhui'),
(685,44,'Beijing'),
(686,44,'Chongqing'),
(687,44,'Fujian'),
(688,44,'Gansu'),
(689,44,'Guangdong'),
(690,44,'Guangxi'),
(691,44,'Guizhou'),
(692,44,'Hainan'),
(693,44,'Hebei'),
(694,44,'Heilongjiang'),
(695,44,'Henan'),
(696,44,'Hong Kong'),
(697,44,'Hubei'),
(698,44,'Hunan'),
(699,44,'Inner Mongolia'),
(700,44,'Jiangsu'),
(701,44,'Jiangxi'),
(702,44,'Jilin'),
(703,44,'Liaoning'),
(704,44,'Macau'),
(705,44,'Ningxia'),
(706,44,'Shaanxi'),
(707,44,'Shandong'),
(708,44,'Shanghai'),
(709,44,'Shanxi'),
(710,44,'Sichuan'),
(711,44,'Tianjin'),
(712,44,'Xinjiang'),
(713,44,'Yunnan'),
(714,44,'Zhejiang'),
(715,46,'Direction Island'),
(716,46,'Home Island'),
(717,46,'Horsburgh Island'),
(718,46,'South Island'),
(719,46,'West Island'),
(720,47,'Amazonas'),
(721,47,'Antioquia'),
(722,47,'Arauca'),
(723,47,'Atlantico'),
(724,47,'Bogota D.C.'),
(725,47,'Bolivar'),
(726,47,'Boyaca'),
(727,47,'Caldas'),
(728,47,'Caqueta'),
(729,47,'Casanare'),
(730,47,'Cauca'),
(731,47,'Cesar'),
(732,47,'Choco'),
(733,47,'Cordoba'),
(734,47,'Cundinamarca'),
(735,47,'Guainia'),
(736,47,'Guajira'),
(737,47,'Guaviare'),
(738,47,'Huila'),
(739,47,'Magdalena'),
(740,47,'Meta'),
(741,47,'Narino'),
(742,47,'Norte de Santander'),
(743,47,'Putumayo'),
(744,47,'Quindio'),
(745,47,'Risaralda'),
(746,47,'San Andres y Providencia'),
(747,47,'Santander'),
(748,47,'Sucre'),
(749,47,'Tolima'),
(750,47,'Valle del Cauca'),
(751,47,'Vaupes'),
(752,47,'Vichada'),
(753,48,'Grande Comore'),
(754,48,'Anjouan'),
(755,48,'Moheli'),
(756,49,'Bouenza'),
(757,49,'Brazzaville'),
(758,49,'Cuvette'),
(759,49,'Cuvette-Ouest'),
(760,49,'Kouilou'),
(761,49,'Lekoumou'),
(762,49,'Likouala'),
(763,49,'Niari'),
(764,49,'Plateaux'),
(765,49,'Pool'),
(766,49,'Sangha'),
(767,50,'Pukapuka'),
(768,50,'Rakahanga'),
(769,50,'Manihiki'),
(770,50,'Penrhyn'),
(771,50,'Nassau Island'),
(772,50,'Surwarrow'),
(773,50,'Palmerston'),
(774,50,'Aitutaki'),
(775,50,'Manuae'),
(776,50,'Takutea'),
(777,50,'Mitiaro'),
(778,50,'Atiu'),
(779,50,'Mauke'),
(780,50,'Rarotonga'),
(781,50,'Mangaia'),
(782,51,'Alajuela'),
(783,51,'Cartago'),
(784,51,'Guanacaste'),
(785,51,'Heredia'),
(786,51,'Limon'),
(787,51,'Puntarenas'),
(788,51,'San Jose'),
(789,52,'Abengourou'),
(790,52,'Abidjan'),
(791,52,'Aboisso'),
(792,52,'Adiake'),
(793,52,'Adzope'),
(794,52,'Agboville'),
(795,52,'Agnibilekrou'),
(796,52,'Alepe'),
(797,52,'Bocanda'),
(798,52,'Bangolo'),
(799,52,'Beoumi'),
(800,52,'Biankouma'),
(801,52,'Bondoukou'),
(802,52,'Bongouanou'),
(803,52,'Bouafle'),
(804,52,'Bouake'),
(805,52,'Bouna'),
(806,52,'Boundiali'),
(807,52,'Dabakala'),
(808,52,'Dabou'),
(809,52,'Daloa'),
(810,52,'Danane'),
(811,52,'Daoukro'),
(812,52,'Dimbokro'),
(813,52,'Divo'),
(814,52,'Duekoue'),
(815,52,'Ferkessedougou'),
(816,52,'Gagnoa'),
(817,52,'Grand-Bassam'),
(818,52,'Grand-Lahou'),
(819,52,'Guiglo'),
(820,52,'Issia'),
(821,52,'Jacqueville'),
(822,52,'Katiola'),
(823,52,'Korhogo'),
(824,52,'Lakota'),
(825,52,'Man'),
(826,52,'Mankono'),
(827,52,'Mbahiakro'),
(828,52,'Odienne'),
(829,52,'Oume'),
(830,52,'Sakassou'),
(831,52,'San-Pedro'),
(832,52,'Sassandra'),
(833,52,'Seguela'),
(834,52,'Sinfra'),
(835,52,'Soubre'),
(836,52,'Tabou'),
(837,52,'Tanda'),
(838,52,'Tiebissou'),
(839,52,'Tingrela'),
(840,52,'Tiassale'),
(841,52,'Touba'),
(842,52,'Toulepleu'),
(843,52,'Toumodi'),
(844,52,'Vavoua'),
(845,52,'Yamoussoukro'),
(846,52,'Zuenoula'),
(847,53,'Bjelovarsko-bilogorska'),
(848,53,'Grad Zagreb'),
(849,53,'Dubrovako-neretvanska'),
(850,53,'Istarska'),
(851,53,'Karlovaka'),
(852,53,'Koprivniko-krievaka'),
(853,53,'Krapinsko-zagorska'),
(854,53,'Liko-senjska'),
(855,53,'Meimurska'),
(856,53,'Osjeko-baranjska'),
(857,53,'Poeko-slavonska'),
(858,53,'Primorsko-goranska'),
(859,53,'ibensko-kninska'),
(860,53,'Sisako-moslavaka'),
(861,53,'Brodsko-posavska'),
(862,53,'Splitsko-dalmatinska'),
(863,53,'Varadinska'),
(864,53,'Virovitiko-podravska'),
(865,53,'Vukovarsko-srijemska'),
(866,53,'Zadarska'),
(867,53,'Zagrebaka'),
(868,54,'Camaguey'),
(869,54,'Ciego de Avila'),
(870,54,'Cienfuegos'),
(871,54,'Ciudad de La Habana'),
(872,54,'Granma'),
(873,54,'Guantanamo'),
(874,54,'Holguin'),
(875,54,'Isla de la Juventud'),
(876,54,'La Habana'),
(877,54,'Las Tunas'),
(878,54,'Matanzas'),
(879,54,'Pinar del Rio'),
(880,54,'Sancti Spiritus'),
(881,54,'Santiago de Cuba'),
(882,54,'Villa Clara'),
(883,55,'Famagusta'),
(884,55,'Kyrenia'),
(885,55,'Larnaca'),
(886,55,'Limassol'),
(887,55,'Nicosia'),
(888,55,'Paphos'),
(889,56,'steck'),
(890,56,'Jihoesk'),
(891,56,'Jihomoravsk'),
(892,56,'Karlovarsk'),
(893,56,'Krlovehradeck'),
(894,56,'Libereck'),
(895,56,'Moravskoslezsk'),
(896,56,'Olomouck'),
(897,56,'Pardubick'),
(898,56,'Plzesk'),
(899,56,'Praha'),
(900,56,'Stedoesk'),
(901,56,'Vysoina'),
(902,56,'Zlnsk'),
(903,57,'Arhus'),
(904,57,'Bornholm'),
(905,57,'Copenhagen'),
(906,57,'Faroe Islands'),
(907,57,'Frederiksborg'),
(908,57,'Fyn'),
(909,57,'Kobenhavn'),
(910,57,'Nordjylland'),
(911,57,'Ribe'),
(912,57,'Ringkobing'),
(913,57,'Roskilde'),
(914,57,'Sonderjylland'),
(915,57,'Storstrom'),
(916,57,'Vejle'),
(917,57,'Vestj&aelig;lland'),
(918,57,'Viborg'),
(919,58,'\'Ali Sabih'),
(920,58,'Dikhil'),
(921,58,'Djibouti'),
(922,58,'Obock'),
(923,58,'Tadjoura'),
(924,59,'Saint Andrew Parish'),
(925,59,'Saint David Parish'),
(926,59,'Saint George Parish'),
(927,59,'Saint John Parish'),
(928,59,'Saint Joseph Parish'),
(929,59,'Saint Luke Parish'),
(930,59,'Saint Mark Parish'),
(931,59,'Saint Patrick Parish'),
(932,59,'Saint Paul Parish'),
(933,59,'Saint Peter Parish'),
(934,60,'Distrito Nacional'),
(935,60,'Azua'),
(936,60,'Baoruco'),
(937,60,'Barahona'),
(938,60,'Dajabon'),
(939,60,'Duarte'),
(940,60,'Elias Pina'),
(941,60,'El Seybo'),
(942,60,'Espaillat'),
(943,60,'Hato Mayor'),
(944,60,'Independencia'),
(945,60,'La Altagracia'),
(946,60,'La Romana'),
(947,60,'La Vega'),
(948,60,'Maria Trinidad Sanchez'),
(949,60,'Monsenor Nouel'),
(950,60,'Monte Cristi'),
(951,60,'Monte Plata'),
(952,60,'Pedernales'),
(953,60,'Peravia (Bani)'),
(954,60,'Puerto Plata'),
(955,60,'Salcedo'),
(956,60,'Samana'),
(957,60,'Sanchez Ramirez'),
(958,60,'San Cristobal'),
(959,60,'San Jose de Ocoa'),
(960,60,'San Juan'),
(961,60,'San Pedro de Macoris'),
(962,60,'Santiago'),
(963,60,'Santiago Rodriguez'),
(964,60,'Santo Domingo'),
(965,60,'Valverde'),
(966,61,'Aileu'),
(967,61,'Ainaro'),
(968,61,'Baucau'),
(969,61,'Bobonaro'),
(970,61,'Cova Lima'),
(971,61,'Dili'),
(972,61,'Ermera'),
(973,61,'Lautem'),
(974,61,'Liquica'),
(975,61,'Manatuto'),
(976,61,'Manufahi'),
(977,61,'Oecussi'),
(978,61,'Viqueque'),
(979,62,'Azuay'),
(980,62,'Bolivar'),
(981,62,'Ca&ntilde;ar'),
(982,62,'Carchi'),
(983,62,'Chimborazo'),
(984,62,'Cotopaxi'),
(985,62,'El Oro'),
(986,62,'Esmeraldas'),
(987,62,'Gal&aacute;pagos'),
(988,62,'Guayas'),
(989,62,'Imbabura'),
(990,62,'Loja'),
(991,62,'Los Rios'),
(992,62,'Manab&iacute;'),
(993,62,'Morona Santiago'),
(994,62,'Napo'),
(995,62,'Orellana'),
(996,62,'Pastaza'),
(997,62,'Pichincha'),
(998,62,'Sucumb&iacute;os'),
(999,62,'Tungurahua'),
(1000,62,'Zamora Chinchipe'),
(1001,63,'Ad Daqahliyah'),
(1002,63,'Al Bahr al Ahmar'),
(1003,63,'Al Buhayrah'),
(1004,63,'Al Fayyum'),
(1005,63,'Al Gharbiyah'),
(1006,63,'Al Iskandariyah'),
(1007,63,'Al Isma\'iliyah'),
(1008,63,'Al Jizah'),
(1009,63,'Al Minufiyah'),
(1010,63,'Al Minya'),
(1011,63,'Al Qahirah'),
(1012,63,'Al Qalyubiyah'),
(1013,63,'Al Wadi al Jadid'),
(1014,63,'Ash Sharqiyah'),
(1015,63,'As Suways'),
(1016,63,'Aswan'),
(1017,63,'Asyut'),
(1018,63,'Bani Suwayf'),
(1019,63,'Bur Sa\'id'),
(1020,63,'Dumyat'),
(1021,63,'Janub Sina\''),
(1022,63,'Kafr ash Shaykh'),
(1023,63,'Matruh'),
(1024,63,'Qina'),
(1025,63,'Shamal Sina\''),
(1026,63,'Suhaj'),
(1027,64,'Ahuachapan'),
(1028,64,'Cabanas'),
(1029,64,'Chalatenango'),
(1030,64,'Cuscatlan'),
(1031,64,'La Libertad'),
(1032,64,'La Paz'),
(1033,64,'La Union'),
(1034,64,'Morazan'),
(1035,64,'San Miguel'),
(1036,64,'San Salvador'),
(1037,64,'San Vicente'),
(1038,64,'Santa Ana'),
(1039,64,'Sonsonate'),
(1040,64,'Usulutan'),
(1041,65,'Provincia Annobon'),
(1042,65,'Provincia Bioko Norte'),
(1043,65,'Provincia Bioko Sur'),
(1044,65,'Provincia Centro Sur'),
(1045,65,'Provincia Kie-Ntem'),
(1046,65,'Provincia Litoral'),
(1047,65,'Provincia Wele-Nzas'),
(1048,66,'Central (Maekel)'),
(1049,66,'Anseba (Keren)'),
(1050,66,'Southern Red Sea (Debub-Keih-Bahri)'),
(1051,66,'Northern Red Sea (Semien-Keih-Bahri)'),
(1052,66,'Southern (Debub)'),
(1053,66,'Gash-Barka (Barentu)'),
(1054,67,'Harjumaa (Tallinn)'),
(1055,67,'Hiiumaa (Kardla)'),
(1056,67,'Ida-Virumaa (Johvi)'),
(1057,67,'Jarvamaa (Paide)'),
(1058,67,'Jogevamaa (Jogeva)'),
(1059,67,'Laane-Virumaa (Rakvere)'),
(1060,67,'Laanemaa (Haapsalu)'),
(1061,67,'Parnumaa (Parnu)'),
(1062,67,'Polvamaa (Polva)'),
(1063,67,'Raplamaa (Rapla)'),
(1064,67,'Saaremaa (Kuessaare)'),
(1065,67,'Tartumaa (Tartu)'),
(1066,67,'Valgamaa (Valga)'),
(1067,67,'Viljandimaa (Viljandi)'),
(1068,67,'Vorumaa (Voru)'),
(1069,68,'Afar'),
(1070,68,'Amhara'),
(1071,68,'Benishangul-Gumaz'),
(1072,68,'Gambela'),
(1073,68,'Hariai'),
(1074,68,'Oromia'),
(1075,68,'Somali'),
(1076,68,'Southern Nations - Nationalities and Peoples Region'),
(1077,68,'Tigray'),
(1078,68,'Addis Ababa'),
(1079,68,'Dire Dawa'),
(1080,71,'Central Division'),
(1081,71,'Northern Division'),
(1082,71,'Eastern Division'),
(1083,71,'Western Division'),
(1084,71,'Rotuma'),
(1085,72,'Ahvenanmaan lni'),
(1086,72,'Etel-Suomen lni'),
(1087,72,'It-Suomen lni'),
(1088,72,'Lnsi-Suomen lni'),
(1089,72,'Lapin lni'),
(1090,72,'Oulun lni'),
(1114,74,'Ain'),
(1115,74,'Aisne'),
(1116,74,'Allier'),
(1117,74,'Alpes de Haute Provence'),
(1118,74,'Hautes-Alpes'),
(1119,74,'Alpes Maritimes'),
(1120,74,'Ard&egrave;che'),
(1121,74,'Ardennes'),
(1122,74,'Ari&egrave;ge'),
(1123,74,'Aube'),
(1124,74,'Aude'),
(1125,74,'Aveyron'),
(1126,74,'Bouches du Rh&ocirc;ne'),
(1127,74,'Calvados'),
(1128,74,'Cantal'),
(1129,74,'Charente'),
(1130,74,'Charente Maritime'),
(1131,74,'Cher'),
(1132,74,'Corr&egrave;ze'),
(1133,74,'Corse du Sud'),
(1134,74,'Haute Corse'),
(1135,74,'C&ocirc;te d&#039;or'),
(1136,74,'C&ocirc;tes d&#039;Armor'),
(1137,74,'Creuse'),
(1138,74,'Dordogne'),
(1139,74,'Doubs'),
(1140,74,'Dr&ocirc;me'),
(1141,74,'Eure'),
(1142,74,'Eure et Loir'),
(1143,74,'Finist&egrave;re'),
(1144,74,'Gard'),
(1145,74,'Haute Garonne'),
(1146,74,'Gers'),
(1147,74,'Gironde'),
(1148,74,'H&eacute;rault'),
(1149,74,'Ille et Vilaine'),
(1150,74,'Indre'),
(1151,74,'Indre et Loire'),
(1152,74,'Is&eacute;re'),
(1153,74,'Jura'),
(1154,74,'Landes'),
(1155,74,'Loir et Cher'),
(1156,74,'Loire'),
(1157,74,'Haute Loire'),
(1158,74,'Loire Atlantique'),
(1159,74,'Loiret'),
(1160,74,'Lot'),
(1161,74,'Lot et Garonne'),
(1162,74,'Loz&egrave;re'),
(1163,74,'Maine et Loire'),
(1164,74,'Manche'),
(1165,74,'Marne'),
(1166,74,'Haute Marne'),
(1167,74,'Mayenne'),
(1168,74,'Meurthe et Moselle'),
(1169,74,'Meuse'),
(1170,74,'Morbihan'),
(1171,74,'Moselle'),
(1172,74,'Ni&egrave;vre'),
(1173,74,'Nord'),
(1174,74,'Oise'),
(1175,74,'Orne'),
(1176,74,'Pas de Calais'),
(1177,74,'Puy de D&ocirc;me'),
(1178,74,'Pyr&eacute;n&eacute;es Atlantiques'),
(1179,74,'Hautes Pyr&eacute;n&eacute;es'),
(1180,74,'Pyr&eacute;n&eacute;es Orientales'),
(1181,74,'Bas Rhin'),
(1182,74,'Haut Rhin'),
(1183,74,'Rh&ocirc;ne'),
(1184,74,'Haute Sa&ocirc;ne'),
(1185,74,'Sa&ocirc;ne et Loire'),
(1186,74,'Sarthe'),
(1187,74,'Savoie'),
(1188,74,'Haute Savoie'),
(1189,74,'Paris'),
(1190,74,'Seine Maritime'),
(1191,74,'Seine et Marne'),
(1192,74,'Yvelines'),
(1193,74,'Deux S&egrave;vres'),
(1194,74,'Somme'),
(1195,74,'Tarn'),
(1196,74,'Tarn et Garonne'),
(1197,74,'Var'),
(1198,74,'Vaucluse'),
(1199,74,'Vend&eacute;e'),
(1200,74,'Vienne'),
(1201,74,'Haute Vienne'),
(1202,74,'Vosges'),
(1203,74,'Yonne'),
(1204,74,'Territoire de Belfort'),
(1205,74,'Essonne'),
(1206,74,'Hauts de Seine'),
(1207,74,'Seine St-Denis'),
(1208,74,'Val de Marne'),
(1209,74,'Val d\'Oise'),
(1210,76,'Archipel des Marquises'),
(1211,76,'Archipel des Tuamotu'),
(1212,76,'Archipel des Tubuai'),
(1213,76,'Iles du Vent'),
(1214,76,'Iles Sous-le-Vent'),
(1215,77,'Iles Crozet'),
(1216,77,'Iles Kerguelen'),
(1217,77,'Ile Amsterdam'),
(1218,77,'Ile Saint-Paul'),
(1219,77,'Adelie Land'),
(1220,78,'Estuaire'),
(1221,78,'Haut-Ogooue'),
(1222,78,'Moyen-Ogooue'),
(1223,78,'Ngounie'),
(1224,78,'Nyanga'),
(1225,78,'Ogooue-Ivindo'),
(1226,78,'Ogooue-Lolo'),
(1227,78,'Ogooue-Maritime'),
(1228,78,'Woleu-Ntem'),
(1229,79,'Banjul'),
(1230,79,'Basse'),
(1231,79,'Brikama'),
(1232,79,'Janjangbure'),
(1233,79,'Kanifeng'),
(1234,79,'Kerewan'),
(1235,79,'Kuntaur'),
(1236,79,'Mansakonko'),
(1237,79,'Lower River'),
(1238,79,'Central River'),
(1239,79,'North Bank'),
(1240,79,'Upper River'),
(1241,79,'Western'),
(1242,80,'Abkhazia'),
(1243,80,'Ajaria'),
(1244,80,'Tbilisi'),
(1245,80,'Guria'),
(1246,80,'Imereti'),
(1247,80,'Kakheti'),
(1248,80,'Kvemo Kartli'),
(1249,80,'Mtskheta-Mtianeti'),
(1250,80,'Racha Lechkhumi and Kvemo Svanet'),
(1251,80,'Samegrelo-Zemo Svaneti'),
(1252,80,'Samtskhe-Javakheti'),
(1253,80,'Shida Kartli'),
(1254,81,'Baden-W&uuml;rttemberg'),
(1255,81,'Bayern'),
(1256,81,'Berlin'),
(1257,81,'Brandenburg'),
(1258,81,'Bremen'),
(1259,81,'Hamburg'),
(1260,81,'Hessen'),
(1261,81,'Mecklenburg-Vorpommern'),
(1262,81,'Niedersachsen'),
(1263,81,'Nordrhein-Westfalen'),
(1264,81,'Rheinland-Pfalz'),
(1265,81,'Saarland'),
(1266,81,'Sachsen'),
(1267,81,'Sachsen-Anhalt'),
(1268,81,'Schleswig-Holstein'),
(1269,81,'Th&uuml;ringen'),
(1270,82,'Ashanti Region'),
(1271,82,'Brong-Ahafo Region'),
(1272,82,'Central Region'),
(1273,82,'Eastern Region'),
(1274,82,'Greater Accra Region'),
(1275,82,'Northern Region'),
(1276,82,'Upper East Region'),
(1277,82,'Upper West Region'),
(1278,82,'Volta Region'),
(1279,82,'Western Region'),
(1280,84,'Attica'),
(1281,84,'Central Greece'),
(1282,84,'Central Macedonia'),
(1283,84,'Crete'),
(1284,84,'East Macedonia and Thrace'),
(1285,84,'Epirus'),
(1286,84,'Ionian Islands'),
(1287,84,'North Aegean'),
(1288,84,'Peloponnesos'),
(1289,84,'South Aegean'),
(1290,84,'Thessaly'),
(1291,84,'West Greece'),
(1292,84,'West Macedonia'),
(1293,85,'Avannaa'),
(1294,85,'Tunu'),
(1295,85,'Kitaa'),
(1296,86,'Saint Andrew'),
(1297,86,'Saint David'),
(1298,86,'Saint George'),
(1299,86,'Saint John'),
(1300,86,'Saint Mark'),
(1301,86,'Saint Patrick'),
(1302,86,'Carriacou'),
(1303,86,'Petit Martinique'),
(1304,89,'Alta Verapaz'),
(1305,89,'Baja Verapaz'),
(1306,89,'Chimaltenango'),
(1307,89,'Chiquimula'),
(1308,89,'El Peten'),
(1309,89,'El Progreso'),
(1310,89,'El Quiche'),
(1311,89,'Escuintla'),
(1312,89,'Guatemala'),
(1313,89,'Huehuetenango'),
(1314,89,'Izabal'),
(1315,89,'Jalapa'),
(1316,89,'Jutiapa'),
(1317,89,'Quetzaltenango'),
(1318,89,'Retalhuleu'),
(1319,89,'Sacatepequez'),
(1320,89,'San Marcos'),
(1321,89,'Santa Rosa'),
(1322,89,'Solola'),
(1323,89,'Suchitepequez'),
(1324,89,'Totonicapan'),
(1325,89,'Zacapa'),
(1326,90,'Conakry'),
(1327,90,'Beyla'),
(1328,90,'Boffa'),
(1329,90,'Boke'),
(1330,90,'Coyah'),
(1331,90,'Dabola'),
(1332,90,'Dalaba'),
(1333,90,'Dinguiraye'),
(1334,90,'Dubreka'),
(1335,90,'Faranah'),
(1336,90,'Forecariah'),
(1337,90,'Fria'),
(1338,90,'Gaoual'),
(1339,90,'Gueckedou'),
(1340,90,'Kankan'),
(1341,90,'Kerouane'),
(1342,90,'Kindia'),
(1343,90,'Kissidougou'),
(1344,90,'Koubia'),
(1345,90,'Koundara'),
(1346,90,'Kouroussa'),
(1347,90,'Labe'),
(1348,90,'Lelouma'),
(1349,90,'Lola'),
(1350,90,'Macenta'),
(1351,90,'Mali'),
(1352,90,'Mamou'),
(1353,90,'Mandiana'),
(1354,90,'Nzerekore'),
(1355,90,'Pita'),
(1356,90,'Siguiri'),
(1357,90,'Telimele'),
(1358,90,'Tougue'),
(1359,90,'Yomou'),
(1360,91,'Bafata Region'),
(1361,91,'Biombo Region'),
(1362,91,'Bissau Region'),
(1363,91,'Bolama Region'),
(1364,91,'Cacheu Region'),
(1365,91,'Gabu Region'),
(1366,91,'Oio Region'),
(1367,91,'Quinara Region'),
(1368,91,'Tombali Region'),
(1369,92,'Barima-Waini'),
(1370,92,'Cuyuni-Mazaruni'),
(1371,92,'Demerara-Mahaica'),
(1372,92,'East Berbice-Corentyne'),
(1373,92,'Essequibo Islands-West Demerara'),
(1374,92,'Mahaica-Berbice'),
(1375,92,'Pomeroon-Supenaam'),
(1376,92,'Potaro-Siparuni'),
(1377,92,'Upper Demerara-Berbice'),
(1378,92,'Upper Takutu-Upper Essequibo'),
(1379,93,'Artibonite'),
(1380,93,'Centre'),
(1381,93,'Grand\'Anse'),
(1382,93,'Nord'),
(1383,93,'Nord-Est'),
(1384,93,'Nord-Ouest'),
(1385,93,'Ouest'),
(1386,93,'Sud'),
(1387,93,'Sud-Est'),
(1388,94,'Flat Island'),
(1389,94,'McDonald Island'),
(1390,94,'Shag Island'),
(1391,94,'Heard Island'),
(1392,95,'Atlantida'),
(1393,95,'Choluteca'),
(1394,95,'Colon'),
(1395,95,'Comayagua'),
(1396,95,'Copan'),
(1397,95,'Cortes'),
(1398,95,'El Paraiso'),
(1399,95,'Francisco Morazan'),
(1400,95,'Gracias a Dios'),
(1401,95,'Intibuca'),
(1402,95,'Islas de la Bahia (Bay Islands)'),
(1403,95,'La Paz'),
(1404,95,'Lempira'),
(1405,95,'Ocotepeque'),
(1406,95,'Olancho'),
(1407,95,'Santa Barbara'),
(1408,95,'Valle'),
(1409,95,'Yoro'),
(1410,96,'Central and Western Hong Kong Island'),
(1411,96,'Eastern Hong Kong Island'),
(1412,96,'Southern Hong Kong Island'),
(1413,96,'Wan Chai Hong Kong Island'),
(1414,96,'Kowloon City Kowloon'),
(1415,96,'Kwun Tong Kowloon'),
(1416,96,'Sham Shui Po Kowloon'),
(1417,96,'Wong Tai Sin Kowloon'),
(1418,96,'Yau Tsim Mong Kowloon'),
(1419,96,'Islands New Territories'),
(1420,96,'Kwai Tsing New Territories'),
(1421,96,'North New Territories'),
(1422,96,'Sai Kung New Territories'),
(1423,96,'Sha Tin New Territories'),
(1424,96,'Tai Po New Territories'),
(1425,96,'Tsuen Wan New Territories'),
(1426,96,'Tuen Mun New Territories'),
(1427,96,'Yuen Long New Territories'),
(1467,98,'Austurland'),
(1468,98,'Hofuoborgarsvaeoi'),
(1469,98,'Norourland eystra'),
(1470,98,'Norourland vestra'),
(1471,98,'Suourland'),
(1472,98,'Suournes'),
(1473,98,'Vestfiroir'),
(1474,98,'Vesturland'),
(1475,99,'Andaman and Nicobar Islands'),
(1476,99,'Andhra Pradesh'),
(1477,99,'Arunachal Pradesh'),
(1478,99,'Assam'),
(1479,99,'Bihar'),
(1480,99,'Chandigarh'),
(1481,99,'Dadra and Nagar Haveli'),
(1482,99,'Daman and Diu'),
(1483,99,'Delhi'),
(1484,99,'Goa'),
(1485,99,'Gujarat'),
(1486,99,'Haryana'),
(1487,99,'Himachal Pradesh'),
(1488,99,'Jammu and Kashmir'),
(1489,99,'Karnataka'),
(1490,99,'Kerala'),
(1491,99,'Lakshadweep Islands'),
(1492,99,'Madhya Pradesh'),
(1493,99,'Maharashtra'),
(1494,99,'Manipur'),
(1495,99,'Meghalaya'),
(1496,99,'Mizoram'),
(1497,99,'Nagaland'),
(1498,99,'Orissa'),
(1499,99,'Pondicherry'),
(1500,99,'Punjab'),
(1501,99,'Rajasthan'),
(1502,99,'Sikkim'),
(1503,99,'Tamil Nadu'),
(1504,99,'Tripura'),
(1505,99,'Uttar Pradesh'),
(1506,99,'West Bengal'),
(1507,100,'Aceh'),
(1508,100,'Bali'),
(1509,100,'Banten'),
(1510,100,'Bengkulu'),
(1511,100,'BoDeTaBek'),
(1512,100,'Gorontalo'),
(1513,100,'Jakarta Raya'),
(1514,100,'Jambi'),
(1515,100,'Jawa Barat'),
(1516,100,'Jawa Tengah'),
(1517,100,'Jawa Timur'),
(1518,100,'Kalimantan Barat'),
(1519,100,'Kalimantan Selatan'),
(1520,100,'Kalimantan Tengah'),
(1521,100,'Kalimantan Timur'),
(1522,100,'Kepulauan Bangka Belitung'),
(1523,100,'Lampung'),
(1524,100,'Maluku'),
(1525,100,'Maluku Utara'),
(1526,100,'Nusa Tenggara Barat'),
(1527,100,'Nusa Tenggara Timur'),
(1528,100,'Papua'),
(1529,100,'Riau'),
(1530,100,'Sulawesi Selatan'),
(1531,100,'Sulawesi Tengah'),
(1532,100,'Sulawesi Tenggara'),
(1533,100,'Sulawesi Utara'),
(1534,100,'Sumatera Barat'),
(1535,100,'Sumatera Selatan'),
(1536,100,'Sumatera Utara'),
(1537,100,'Yogyakarta'),
(1538,101,'Tehran'),
(1539,101,'Qom'),
(1540,101,'Markazi'),
(1541,101,'Qazvin'),
(1542,101,'Gilan'),
(1543,101,'Ardabil'),
(1544,101,'Zanjan'),
(1545,101,'East Azarbaijan'),
(1546,101,'West Azarbaijan'),
(1547,101,'Kurdistan'),
(1548,101,'Hamadan'),
(1549,101,'Kermanshah'),
(1550,101,'Ilam'),
(1551,101,'Lorestan'),
(1552,101,'Khuzestan'),
(1553,101,'Chahar Mahaal and Bakhtiari'),
(1554,101,'Kohkiluyeh and Buyer Ahmad'),
(1555,101,'Bushehr'),
(1556,101,'Fars'),
(1557,101,'Hormozgan'),
(1558,101,'Sistan and Baluchistan'),
(1559,101,'Kerman'),
(1560,101,'Yazd'),
(1561,101,'Esfahan'),
(1562,101,'Semnan'),
(1563,101,'Mazandaran'),
(1564,101,'Golestan'),
(1565,101,'North Khorasan'),
(1566,101,'Razavi Khorasan'),
(1567,101,'South Khorasan'),
(1568,102,'Baghdad'),
(1569,102,'Salah ad Din'),
(1570,102,'Diyala'),
(1571,102,'Wasit'),
(1572,102,'Maysan'),
(1573,102,'Al Basrah'),
(1574,102,'Dhi Qar'),
(1575,102,'Al Muthanna'),
(1576,102,'Al Qadisyah'),
(1577,102,'Babil'),
(1578,102,'Al Karbala'),
(1579,102,'An Najaf'),
(1580,102,'Al Anbar'),
(1581,102,'Ninawa'),
(1582,102,'Dahuk'),
(1583,102,'Arbil'),
(1584,102,'At Ta\'mim'),
(1585,102,'As Sulaymaniyah'),
(1586,103,'Carlow'),
(1587,103,'Cavan'),
(1588,103,'Clare'),
(1589,103,'Cork'),
(1590,103,'Donegal'),
(1591,103,'Dublin'),
(1592,103,'Galway'),
(1593,103,'Kerry'),
(1594,103,'Kildare'),
(1595,103,'Kilkenny'),
(1596,103,'Laois'),
(1597,103,'Leitrim'),
(1598,103,'Limerick'),
(1599,103,'Longford'),
(1600,103,'Louth'),
(1601,103,'Mayo'),
(1602,103,'Meath'),
(1603,103,'Monaghan'),
(1604,103,'Offaly'),
(1605,103,'Roscommon'),
(1606,103,'Sligo'),
(1607,103,'Tipperary'),
(1608,103,'Waterford'),
(1609,103,'Westmeath'),
(1610,103,'Wexford'),
(1611,103,'Wicklow'),
(1612,104,'Be\'er Sheva'),
(1613,104,'Bika\'at Hayarden'),
(1614,104,'Eilat and Arava'),
(1615,104,'Galil'),
(1616,104,'Haifa'),
(1617,104,'Jehuda Mountains'),
(1618,104,'Jerusalem'),
(1619,104,'Negev'),
(1620,104,'Semaria'),
(1621,104,'Sharon'),
(1622,104,'Tel Aviv (Gosh Dan)'),
(3860,105,'Caltanissetta'),
(3842,105,'Agrigento'),
(3843,105,'Alessandria'),
(3844,105,'Ancona'),
(3845,105,'Aosta'),
(3846,105,'Arezzo'),
(3847,105,'Ascoli Piceno'),
(3848,105,'Asti'),
(3849,105,'Avellino'),
(3850,105,'Bari'),
(3851,105,'Belluno'),
(3852,105,'Benevento'),
(3853,105,'Bergamo'),
(3854,105,'Biella'),
(3855,105,'Bologna'),
(3856,105,'Bolzano'),
(3857,105,'Brescia'),
(3858,105,'Brindisi'),
(3859,105,'Cagliari'),
(1643,106,'Clarendon Parish'),
(1644,106,'Hanover Parish'),
(1645,106,'Kingston Parish'),
(1646,106,'Manchester Parish'),
(1647,106,'Portland Parish'),
(1648,106,'Saint Andrew Parish'),
(1649,106,'Saint Ann Parish'),
(1650,106,'Saint Catherine Parish'),
(1651,106,'Saint Elizabeth Parish'),
(1652,106,'Saint James Parish'),
(1653,106,'Saint Mary Parish'),
(1654,106,'Saint Thomas Parish'),
(1655,106,'Trelawny Parish'),
(1656,106,'Westmoreland Parish'),
(1657,107,'Aichi'),
(1658,107,'Akita'),
(1659,107,'Aomori'),
(1660,107,'Chiba'),
(1661,107,'Ehime'),
(1662,107,'Fukui'),
(1663,107,'Fukuoka'),
(1664,107,'Fukushima'),
(1665,107,'Gifu'),
(1666,107,'Gumma'),
(1667,107,'Hiroshima'),
(1668,107,'Hokkaido'),
(1669,107,'Hyogo'),
(1670,107,'Ibaraki'),
(1671,107,'Ishikawa'),
(1672,107,'Iwate'),
(1673,107,'Kagawa'),
(1674,107,'Kagoshima'),
(1675,107,'Kanagawa'),
(1676,107,'Kochi'),
(1677,107,'Kumamoto'),
(1678,107,'Kyoto'),
(1679,107,'Mie'),
(1680,107,'Miyagi'),
(1681,107,'Miyazaki'),
(1682,107,'Nagano'),
(1683,107,'Nagasaki'),
(1684,107,'Nara'),
(1685,107,'Niigata'),
(1686,107,'Oita'),
(1687,107,'Okayama'),
(1688,107,'Okinawa'),
(1689,107,'Osaka'),
(1690,107,'Saga'),
(1691,107,'Saitama'),
(1692,107,'Shiga'),
(1693,107,'Shimane'),
(1694,107,'Shizuoka'),
(1695,107,'Tochigi'),
(1696,107,'Tokushima'),
(1697,107,'Tokyo'),
(1698,107,'Tottori'),
(1699,107,'Toyama'),
(1700,107,'Wakayama'),
(1701,107,'Yamagata'),
(1702,107,'Yamaguchi'),
(1703,107,'Yamanashi'),
(1704,108,'\'Amman'),
(1705,108,'Ajlun'),
(1706,108,'Al \'Aqabah'),
(1707,108,'Al Balqa\''),
(1708,108,'Al Karak'),
(1709,108,'Al Mafraq'),
(1710,108,'At Tafilah'),
(1711,108,'Az Zarqa\''),
(1712,108,'Irbid'),
(1713,108,'Jarash'),
(1714,108,'Ma\'an'),
(1715,108,'Madaba'),
(1716,109,'Almaty'),
(1717,109,'Almaty City'),
(1718,109,'Aqmola'),
(1719,109,'Aqtobe'),
(1720,109,'Astana City'),
(1721,109,'Atyrau'),
(1722,109,'Batys Qazaqstan'),
(1723,109,'Bayqongyr City'),
(1724,109,'Mangghystau'),
(1725,109,'Ongtustik Qazaqstan'),
(1726,109,'Pavlodar'),
(1727,109,'Qaraghandy'),
(1728,109,'Qostanay'),
(1729,109,'Qyzylorda'),
(1730,109,'Shyghys Qazaqstan'),
(1731,109,'Soltustik Qazaqstan'),
(1732,109,'Zhambyl'),
(1733,110,'Central'),
(1734,110,'Coast'),
(1735,110,'Eastern'),
(1736,110,'Nairobi Area'),
(1737,110,'North Eastern'),
(1738,110,'Nyanza'),
(1739,110,'Rift Valley'),
(1740,110,'Western'),
(1741,111,'Abaiang'),
(1742,111,'Abemama'),
(1743,111,'Aranuka'),
(1744,111,'Arorae'),
(1745,111,'Banaba'),
(1746,111,'Beru'),
(1747,111,'Butaritari'),
(1748,111,'Kanton'),
(1749,111,'Kiritimati'),
(1750,111,'Kuria'),
(1751,111,'Maiana'),
(1752,111,'Makin'),
(1753,111,'Marakei'),
(1754,111,'Nikunau'),
(1755,111,'Nonouti'),
(1756,111,'Onotoa'),
(1757,111,'Tabiteuea'),
(1758,111,'Tabuaeran'),
(1759,111,'Tamana'),
(1760,111,'Tarawa'),
(1761,111,'Teraina'),
(1762,112,'Chagang-do'),
(1763,112,'Hamgyong-bukto'),
(1764,112,'Hamgyong-namdo'),
(1765,112,'Hwanghae-bukto'),
(1766,112,'Hwanghae-namdo'),
(1767,112,'Kangwon-do'),
(1768,112,'P\'yongan-bukto'),
(1769,112,'P\'yongan-namdo'),
(1770,112,'Ryanggang-do (Yanggang-do)'),
(1771,112,'Rason Directly Governed City'),
(1772,112,'P\'yongyang Special City'),
(1773,113,'Ch\'ungch\'ong-bukto'),
(1774,113,'Ch\'ungch\'ong-namdo'),
(1775,113,'Cheju-do'),
(1776,113,'Cholla-bukto'),
(1777,113,'Cholla-namdo'),
(1778,113,'Inch\'on-gwangyoksi'),
(1779,113,'Kangwon-do'),
(1780,113,'Kwangju-gwangyoksi'),
(1781,113,'Kyonggi-do'),
(1782,113,'Kyongsang-bukto'),
(1783,113,'Kyongsang-namdo'),
(1784,113,'Pusan-gwangyoksi'),
(1785,113,'Soul-t\'ukpyolsi'),
(1786,113,'Taegu-gwangyoksi'),
(1787,113,'Taejon-gwangyoksi'),
(1788,114,'Al \'Asimah'),
(1789,114,'Al Ahmadi'),
(1790,114,'Al Farwaniyah'),
(1791,114,'Al Jahra\''),
(1792,114,'Hawalli'),
(1793,115,'Bishkek'),
(1794,115,'Batken'),
(1795,115,'Chu'),
(1796,115,'Jalal-Abad'),
(1797,115,'Naryn'),
(1798,115,'Osh'),
(1799,115,'Talas'),
(1800,115,'Ysyk-Kol'),
(1801,116,'Vientiane'),
(1802,116,'Attapu'),
(1803,116,'Bokeo'),
(1804,116,'Bolikhamxai'),
(1805,116,'Champasak'),
(1806,116,'Houaphan'),
(1807,116,'Khammouan'),
(1808,116,'Louang Namtha'),
(1809,116,'Louangphabang'),
(1810,116,'Oudomxai'),
(1811,116,'Phongsali'),
(1812,116,'Salavan'),
(1813,116,'Savannakhet'),
(1814,116,'Vientiane'),
(1815,116,'Xaignabouli'),
(1816,116,'Xekong'),
(1817,116,'Xiangkhoang'),
(1818,116,'Xaisomboun'),
(1852,119,'Berea'),
(1853,119,'Butha-Buthe'),
(1854,119,'Leribe'),
(1855,119,'Mafeteng'),
(1856,119,'Maseru'),
(1857,119,'Mohale\'s Hoek'),
(1858,119,'Mokhotlong'),
(1859,119,'Qacha\'s Nek'),
(1860,119,'Quthing'),
(1861,119,'Thaba-Tseka'),
(1862,120,'Bomi'),
(1863,120,'Bong'),
(1864,120,'Grand Bassa'),
(1865,120,'Grand Cape Mount'),
(1866,120,'Grand Gedeh'),
(1867,120,'Grand Kru'),
(1868,120,'Lofa'),
(1869,120,'Margibi'),
(1870,120,'Maryland'),
(1871,120,'Montserrado'),
(1872,120,'Nimba'),
(1873,120,'River Cess'),
(1874,120,'Sinoe'),
(1875,121,'Ajdabiya'),
(1876,121,'Al \'Aziziyah'),
(1877,121,'Al Fatih'),
(1878,121,'Al Jabal al Akhdar'),
(1879,121,'Al Jufrah'),
(1880,121,'Al Khums'),
(1881,121,'Al Kufrah'),
(1882,121,'An Nuqat al Khams'),
(1883,121,'Ash Shati\''),
(1884,121,'Awbari'),
(1885,121,'Az Zawiyah'),
(1886,121,'Banghazi'),
(1887,121,'Darnah'),
(1888,121,'Ghadamis'),
(1889,121,'Gharyan'),
(1890,121,'Misratah'),
(1891,121,'Murzuq'),
(1892,121,'Sabha'),
(1893,121,'Sawfajjin'),
(1894,121,'Surt'),
(1895,121,'Tarabulus (Tripoli)'),
(1896,121,'Tarhunah'),
(1897,121,'Tubruq'),
(1898,121,'Yafran'),
(1899,121,'Zlitan'),
(1900,122,'Vaduz'),
(1901,122,'Schaan'),
(1902,122,'Balzers'),
(1903,122,'Triesen'),
(1904,122,'Eschen'),
(1905,122,'Mauren'),
(1906,122,'Triesenberg'),
(1907,122,'Ruggell'),
(1908,122,'Gamprin'),
(1909,122,'Schellenberg'),
(1910,122,'Planken'),
(1911,123,'Alytus'),
(1912,123,'Kaunas'),
(1913,123,'Klaipeda'),
(1914,123,'Marijampole'),
(1915,123,'Panevezys'),
(1916,123,'Siauliai'),
(1917,123,'Taurage'),
(1918,123,'Telsiai'),
(1919,123,'Utena'),
(1920,123,'Vilnius'),
(1921,124,'Diekirch'),
(1922,124,'Clervaux'),
(1923,124,'Redange'),
(1924,124,'Vianden'),
(1925,124,'Wiltz'),
(1926,124,'Grevenmacher'),
(1927,124,'Echternach'),
(1928,124,'Remich'),
(1929,124,'Luxembourg'),
(1930,124,'Capellen'),
(1931,124,'Esch-sur-Alzette'),
(1932,124,'Mersch'),
(1933,125,'Our Lady Fatima Parish'),
(1934,125,'St. Anthony Parish'),
(1935,125,'St. Lazarus Parish'),
(1936,125,'Cathedral Parish'),
(1937,125,'St. Lawrence Parish'),
(1938,127,'Antananarivo'),
(1939,127,'Antsiranana'),
(1940,127,'Fianarantsoa'),
(1941,127,'Mahajanga'),
(1942,127,'Toamasina'),
(1943,127,'Toliara'),
(1944,128,'Balaka'),
(1945,128,'Blantyre'),
(1946,128,'Chikwawa'),
(1947,128,'Chiradzulu'),
(1948,128,'Chitipa'),
(1949,128,'Dedza'),
(1950,128,'Dowa'),
(1951,128,'Karonga'),
(1952,128,'Kasungu'),
(1953,128,'Likoma'),
(1954,128,'Lilongwe'),
(1955,128,'Machinga'),
(1956,128,'Mangochi'),
(1957,128,'Mchinji'),
(1958,128,'Mulanje'),
(1959,128,'Mwanza'),
(1960,128,'Mzimba'),
(1961,128,'Ntcheu'),
(1962,128,'Nkhata Bay'),
(1963,128,'Nkhotakota'),
(1964,128,'Nsanje'),
(1965,128,'Ntchisi'),
(1966,128,'Phalombe'),
(1967,128,'Rumphi'),
(1968,128,'Salima'),
(1969,128,'Thyolo'),
(1970,128,'Zomba'),
(1971,129,'Johor'),
(1972,129,'Kedah'),
(1973,129,'Kelantan'),
(1974,129,'Labuan'),
(1975,129,'Melaka'),
(1976,129,'Negeri Sembilan'),
(1977,129,'Pahang'),
(1978,129,'Perak'),
(1979,129,'Perlis'),
(1980,129,'Pulau Pinang'),
(1981,129,'Sabah'),
(1982,129,'Sarawak'),
(1983,129,'Selangor'),
(1984,129,'Terengganu'),
(1985,129,'Kuala Lumpur'),
(4035,129,'Putrajaya'),
(1986,130,'Thiladhunmathi Uthuru'),
(1987,130,'Thiladhunmathi Dhekunu'),
(1988,130,'Miladhunmadulu Uthuru'),
(1989,130,'Miladhunmadulu Dhekunu'),
(1990,130,'Maalhosmadulu Uthuru'),
(1991,130,'Maalhosmadulu Dhekunu'),
(1992,130,'Faadhippolhu'),
(1993,130,'Male Atoll'),
(1994,130,'Ari Atoll Uthuru'),
(1995,130,'Ari Atoll Dheknu'),
(1996,130,'Felidhe Atoll'),
(1997,130,'Mulaku Atoll'),
(1998,130,'Nilandhe Atoll Uthuru'),
(1999,130,'Nilandhe Atoll Dhekunu'),
(2000,130,'Kolhumadulu'),
(2001,130,'Hadhdhunmathi'),
(2002,130,'Huvadhu Atoll Uthuru'),
(2003,130,'Huvadhu Atoll Dhekunu'),
(2004,130,'Fua Mulaku'),
(2005,130,'Addu'),
(2006,131,'Gao'),
(2007,131,'Kayes'),
(2008,131,'Kidal'),
(2009,131,'Koulikoro'),
(2010,131,'Mopti'),
(2011,131,'Segou'),
(2012,131,'Sikasso'),
(2013,131,'Tombouctou'),
(2014,131,'Bamako Capital District'),
(2015,132,'Attard'),
(2016,132,'Balzan'),
(2017,132,'Birgu'),
(2018,132,'Birkirkara'),
(2019,132,'Birzebbuga'),
(2020,132,'Bormla'),
(2021,132,'Dingli'),
(2022,132,'Fgura'),
(2023,132,'Floriana'),
(2024,132,'Gudja'),
(2025,132,'Gzira'),
(2026,132,'Gargur'),
(2027,132,'Gaxaq'),
(2028,132,'Hamrun'),
(2029,132,'Iklin'),
(2030,132,'Isla'),
(2031,132,'Kalkara'),
(2032,132,'Kirkop'),
(2033,132,'Lija'),
(2034,132,'Luqa'),
(2035,132,'Marsa'),
(2036,132,'Marsaskala'),
(2037,132,'Marsaxlokk'),
(2038,132,'Mdina'),
(2039,132,'Melliea'),
(2040,132,'Mgarr'),
(2041,132,'Mosta'),
(2042,132,'Mqabba'),
(2043,132,'Msida'),
(2044,132,'Mtarfa'),
(2045,132,'Naxxar'),
(2046,132,'Paola'),
(2047,132,'Pembroke'),
(2048,132,'Pieta'),
(2049,132,'Qormi'),
(2050,132,'Qrendi'),
(2051,132,'Rabat'),
(2052,132,'Safi'),
(2053,132,'San Giljan'),
(2054,132,'Santa Lucija'),
(2055,132,'San Pawl il-Bahar'),
(2056,132,'San Gwann'),
(2057,132,'Santa Venera'),
(2058,132,'Siggiewi'),
(2059,132,'Sliema'),
(2060,132,'Swieqi'),
(2061,132,'Ta Xbiex'),
(2062,132,'Tarxien'),
(2063,132,'Valletta'),
(2064,132,'Xgajra'),
(2065,132,'Zabbar'),
(2066,132,'Zebbug'),
(2067,132,'Zejtun'),
(2068,132,'Zurrieq'),
(2069,132,'Fontana'),
(2070,132,'Ghajnsielem'),
(2071,132,'Gharb'),
(2072,132,'Ghasri'),
(2073,132,'Kercem'),
(2074,132,'Munxar'),
(2075,132,'Nadur'),
(2076,132,'Qala'),
(2077,132,'Victoria'),
(2078,132,'San Lawrenz'),
(2079,132,'Sannat'),
(2080,132,'Xagra'),
(2081,132,'Xewkija'),
(2082,132,'Zebbug'),
(2083,133,'Ailinginae'),
(2084,133,'Ailinglaplap'),
(2085,133,'Ailuk'),
(2086,133,'Arno'),
(2087,133,'Aur'),
(2088,133,'Bikar'),
(2089,133,'Bikini'),
(2090,133,'Bokak'),
(2091,133,'Ebon'),
(2092,133,'Enewetak'),
(2093,133,'Erikub'),
(2094,133,'Jabat'),
(2095,133,'Jaluit'),
(2096,133,'Jemo'),
(2097,133,'Kili'),
(2098,133,'Kwajalein'),
(2099,133,'Lae'),
(2100,133,'Lib'),
(2101,133,'Likiep'),
(2102,133,'Majuro'),
(2103,133,'Maloelap'),
(2104,133,'Mejit'),
(2105,133,'Mili'),
(2106,133,'Namorik'),
(2107,133,'Namu'),
(2108,133,'Rongelap'),
(2109,133,'Rongrik'),
(2110,133,'Toke'),
(2111,133,'Ujae'),
(2112,133,'Ujelang'),
(2113,133,'Utirik'),
(2114,133,'Wotho'),
(2115,133,'Wotje'),
(2116,135,'Adrar'),
(2117,135,'Assaba'),
(2118,135,'Brakna'),
(2119,135,'Dakhlet Nouadhibou'),
(2120,135,'Gorgol'),
(2121,135,'Guidimaka'),
(2122,135,'Hodh Ech Chargui'),
(2123,135,'Hodh El Gharbi'),
(2124,135,'Inchiri'),
(2125,135,'Tagant'),
(2126,135,'Tiris Zemmour'),
(2127,135,'Trarza'),
(2128,135,'Nouakchott'),
(2129,136,'Beau Bassin-Rose Hill'),
(2130,136,'Curepipe'),
(2131,136,'Port Louis'),
(2132,136,'Quatre Bornes'),
(2133,136,'Vacoas-Phoenix'),
(2134,136,'Agalega Islands'),
(2135,136,'Cargados Carajos Shoals (Saint Brandon Islands)'),
(2136,136,'Rodrigues'),
(2137,136,'Black River'),
(2138,136,'Flacq'),
(2139,136,'Grand Port'),
(2140,136,'Moka'),
(2141,136,'Pamplemousses'),
(2142,136,'Plaines Wilhems'),
(2143,136,'Port Louis'),
(2144,136,'Riviere du Rempart'),
(2145,136,'Savanne'),
(2146,138,'Baja California Norte'),
(2147,138,'Baja California Sur'),
(2148,138,'Campeche'),
(2149,138,'Chiapas'),
(2150,138,'Chihuahua'),
(2151,138,'Coahuila de Zaragoza'),
(2152,138,'Colima'),
(2153,138,'Distrito Federal'),
(2154,138,'Durango'),
(2155,138,'Guanajuato'),
(2156,138,'Guerrero'),
(2157,138,'Hidalgo'),
(2158,138,'Jalisco'),
(2159,138,'Mexico'),
(2160,138,'Michoacan de Ocampo'),
(2161,138,'Morelos'),
(2162,138,'Nayarit'),
(2163,138,'Nuevo Leon'),
(2164,138,'Oaxaca'),
(2165,138,'Puebla'),
(2166,138,'Queretaro de Arteaga'),
(2167,138,'Quintana Roo'),
(2168,138,'San Luis Potosi'),
(2169,138,'Sinaloa'),
(2170,138,'Sonora'),
(2171,138,'Tabasco'),
(2172,138,'Tamaulipas'),
(2173,138,'Tlaxcala'),
(2174,138,'Veracruz-Llave'),
(2175,138,'Yucatan'),
(2176,138,'Zacatecas'),
(2177,139,'Chuuk'),
(2178,139,'Kosrae'),
(2179,139,'Pohnpei'),
(2180,139,'Yap'),
(2181,140,'Gagauzia'),
(2182,140,'Chisinau'),
(2183,140,'Balti'),
(2184,140,'Cahul'),
(2185,140,'Edinet'),
(2186,140,'Lapusna'),
(2187,140,'Orhei'),
(2188,140,'Soroca'),
(2189,140,'Tighina'),
(2190,140,'Ungheni'),
(2191,140,'Stnga Nistrului'),
(2192,141,'Fontvieille'),
(2193,141,'La Condamine'),
(2194,141,'Monaco-Ville'),
(2195,141,'Monte-Carlo'),
(2196,142,'Ulanbaatar'),
(2197,142,'Orhon'),
(2198,142,'Darhan uul'),
(2199,142,'Hentiy'),
(2200,142,'Hovsgol'),
(2201,142,'Hovd'),
(2202,142,'Uvs'),
(2203,142,'Tov'),
(2204,142,'Selenge'),
(2205,142,'Suhbaatar'),
(2206,142,'Omnogovi'),
(2207,142,'Ovorhangay'),
(2208,142,'Dzavhan'),
(2209,142,'DundgovL'),
(2210,142,'Dornod'),
(2211,142,'Dornogov'),
(2212,142,'Govi-Sumber'),
(2213,142,'Govi-Altay'),
(2214,142,'Bulgan'),
(2215,142,'Bayanhongor'),
(2216,142,'Bayan-Olgiy'),
(2217,142,'Arhangay'),
(2218,143,'Saint Anthony'),
(2219,143,'Saint Georges'),
(2220,143,'Saint Peter'),
(2221,144,'Agadir'),
(2222,144,'Al Hoceima'),
(2223,144,'Azilal'),
(2224,144,'Beni Mellal'),
(2225,144,'Ben Slimane'),
(2226,144,'Boulemane'),
(2227,144,'Casablanca'),
(2228,144,'Chaouen'),
(2229,144,'El Jadida'),
(2230,144,'El Kelaa des Sraghna'),
(2231,144,'Er Rachidia'),
(2232,144,'Essaouira'),
(2233,144,'Fes'),
(2234,144,'Figuig'),
(2235,144,'Guelmim'),
(2236,144,'Ifrane'),
(2237,144,'Kenitra'),
(2238,144,'Khemisset'),
(2239,144,'Khenifra'),
(2240,144,'Khouribga'),
(2241,144,'Laayoune'),
(2242,144,'Larache'),
(2243,144,'Marrakech'),
(2244,144,'Meknes'),
(2245,144,'Nador'),
(2246,144,'Ouarzazate'),
(2247,144,'Oujda'),
(2248,144,'Rabat-Sale'),
(2249,144,'Safi'),
(2250,144,'Settat'),
(2251,144,'Sidi Kacem'),
(2252,144,'Tangier'),
(2253,144,'Tan-Tan'),
(2254,144,'Taounate'),
(2255,144,'Taroudannt'),
(2256,144,'Tata'),
(2257,144,'Taza'),
(2258,144,'Tetouan'),
(2259,144,'Tiznit'),
(2260,144,'Ad Dakhla'),
(2261,144,'Boujdour'),
(2262,144,'Es Smara'),
(2263,145,'Cabo Delgado'),
(2264,145,'Gaza'),
(2265,145,'Inhambane'),
(2266,145,'Manica'),
(2267,145,'Maputo (city)'),
(2268,145,'Maputo'),
(2269,145,'Nampula'),
(2270,145,'Niassa'),
(2271,145,'Sofala'),
(2272,145,'Tete'),
(2273,145,'Zambezia'),
(2274,146,'Ayeyarwady'),
(2275,146,'Bago'),
(2276,146,'Magway'),
(2277,146,'Mandalay'),
(2278,146,'Sagaing'),
(2279,146,'Tanintharyi'),
(2280,146,'Yangon'),
(2281,146,'Chin State'),
(2282,146,'Kachin State'),
(2283,146,'Kayah State'),
(2284,146,'Kayin State'),
(2285,146,'Mon State'),
(2286,146,'Rakhine State'),
(2287,146,'Shan State'),
(2288,147,'Caprivi'),
(2289,147,'Erongo'),
(2290,147,'Hardap'),
(2291,147,'Karas'),
(2292,147,'Kavango'),
(2293,147,'Khomas'),
(2294,147,'Kunene'),
(2295,147,'Ohangwena'),
(2296,147,'Omaheke'),
(2297,147,'Omusati'),
(2298,147,'Oshana'),
(2299,147,'Oshikoto'),
(2300,147,'Otjozondjupa'),
(2301,148,'Aiwo'),
(2302,148,'Anabar'),
(2303,148,'Anetan'),
(2304,148,'Anibare'),
(2305,148,'Baiti'),
(2306,148,'Boe'),
(2307,148,'Buada'),
(2308,148,'Denigomodu'),
(2309,148,'Ewa'),
(2310,148,'Ijuw'),
(2311,148,'Meneng'),
(2312,148,'Nibok'),
(2313,148,'Uaboe'),
(2314,148,'Yaren'),
(2315,149,'Bagmati'),
(2316,149,'Bheri'),
(2317,149,'Dhawalagiri'),
(2318,149,'Gandaki'),
(2319,149,'Janakpur'),
(2320,149,'Karnali'),
(2321,149,'Kosi'),
(2322,149,'Lumbini'),
(2323,149,'Mahakali'),
(2324,149,'Mechi'),
(2325,149,'Narayani'),
(2326,149,'Rapti'),
(2327,149,'Sagarmatha'),
(2328,149,'Seti'),
(2329,150,'Drenthe'),
(2330,150,'Flevoland'),
(2331,150,'Friesland'),
(2332,150,'Gelderland'),
(2333,150,'Groningen'),
(2334,150,'Limburg'),
(2335,150,'Noord Brabant'),
(2336,150,'Noord Holland'),
(2337,150,'Overijssel'),
(2338,150,'Utrecht'),
(2339,150,'Zeeland'),
(2340,150,'Zuid Holland'),
(2341,152,'Iles Loyaute'),
(2342,152,'Nord'),
(2343,152,'Sud'),
(2344,153,'Auckland'),
(2345,153,'Bay of Plenty'),
(2346,153,'Canterbury'),
(2347,153,'Coromandel'),
(2348,153,'Gisborne'),
(2349,153,'Fiordland'),
(2350,153,'Hawke\'s Bay'),
(2351,153,'Marlborough'),
(2352,153,'Manawatu-Wanganui'),
(2353,153,'Mt Cook-Mackenzie'),
(2354,153,'Nelson'),
(2355,153,'Northland'),
(2356,153,'Otago'),
(2357,153,'Southland'),
(2358,153,'Taranaki'),
(2359,153,'Wellington'),
(2360,153,'Waikato'),
(2361,153,'Wairarapa'),
(2362,153,'West Coast'),
(2363,154,'Atlantico Norte'),
(2364,154,'Atlantico Sur'),
(2365,154,'Boaco'),
(2366,154,'Carazo'),
(2367,154,'Chinandega'),
(2368,154,'Chontales'),
(2369,154,'Esteli'),
(2370,154,'Granada'),
(2371,154,'Jinotega'),
(2372,154,'Leon'),
(2373,154,'Madriz'),
(2374,154,'Managua'),
(2375,154,'Masaya'),
(2376,154,'Matagalpa'),
(2377,154,'Nuevo Segovia'),
(2378,154,'Rio San Juan'),
(2379,154,'Rivas'),
(2380,155,'Agadez'),
(2381,155,'Diffa'),
(2382,155,'Dosso'),
(2383,155,'Maradi'),
(2384,155,'Niamey'),
(2385,155,'Tahoua'),
(2386,155,'Tillaberi'),
(2387,155,'Zinder'),
(2388,156,'Abia'),
(2389,156,'Abuja Federal Capital Territory'),
(2390,156,'Adamawa'),
(2391,156,'Akwa Ibom'),
(2392,156,'Anambra'),
(2393,156,'Bauchi'),
(2394,156,'Bayelsa'),
(2395,156,'Benue'),
(2396,156,'Borno'),
(2397,156,'Cross River'),
(2398,156,'Delta'),
(2399,156,'Ebonyi'),
(2400,156,'Edo'),
(2401,156,'Ekiti'),
(2402,156,'Enugu'),
(2403,156,'Gombe'),
(2404,156,'Imo'),
(2405,156,'Jigawa'),
(2406,156,'Kaduna'),
(2407,156,'Kano'),
(2408,156,'Katsina'),
(2409,156,'Kebbi'),
(2410,156,'Kogi'),
(2411,156,'Kwara'),
(2412,156,'Lagos'),
(2413,156,'Nassarawa'),
(2414,156,'Niger'),
(2415,156,'Ogun'),
(2416,156,'Ondo'),
(2417,156,'Osun'),
(2418,156,'Oyo'),
(2419,156,'Plateau'),
(2420,156,'Rivers'),
(2421,156,'Sokoto'),
(2422,156,'Taraba'),
(2423,156,'Yobe'),
(2424,156,'Zamfara'),
(2425,159,'Northern Islands'),
(2426,159,'Rota'),
(2427,159,'Saipan'),
(2428,159,'Tinian'),
(2429,160,'Akershus'),
(2430,160,'Aust-Agder'),
(2431,160,'Buskerud'),
(2432,160,'Finnmark'),
(2433,160,'Hedmark'),
(2434,160,'Hordaland'),
(2435,160,'More og Romdal'),
(2436,160,'Nord-Trondelag'),
(2437,160,'Nordland'),
(2438,160,'Ostfold'),
(2439,160,'Oppland'),
(2440,160,'Oslo'),
(2441,160,'Rogaland'),
(2442,160,'Sor-Trondelag'),
(2443,160,'Sogn og Fjordane'),
(2444,160,'Svalbard'),
(2445,160,'Telemark'),
(2446,160,'Troms'),
(2447,160,'Vest-Agder'),
(2448,160,'Vestfold'),
(2449,161,'Ad Dakhiliyah'),
(2450,161,'Al Batinah'),
(2451,161,'Al Wusta'),
(2452,161,'Ash Sharqiyah'),
(2453,161,'Az Zahirah'),
(2454,161,'Masqat'),
(2455,161,'Musandam'),
(2456,161,'Zufar'),
(2457,162,'Balochistan'),
(2458,162,'Federally Administered Tribal Areas'),
(2459,162,'Islamabad Capital Territory'),
(2460,162,'North-West Frontier'),
(2461,162,'Punjab'),
(2462,162,'Sindh'),
(2463,163,'Aimeliik'),
(2464,163,'Airai'),
(2465,163,'Angaur'),
(2466,163,'Hatohobei'),
(2467,163,'Kayangel'),
(2468,163,'Koror'),
(2469,163,'Melekeok'),
(2470,163,'Ngaraard'),
(2471,163,'Ngarchelong'),
(2472,163,'Ngardmau'),
(2473,163,'Ngatpang'),
(2474,163,'Ngchesar'),
(2475,163,'Ngeremlengui'),
(2476,163,'Ngiwal'),
(2477,163,'Peleliu'),
(2478,163,'Sonsorol'),
(2479,164,'Bocas del Toro'),
(2480,164,'Chiriqui'),
(2481,164,'Cocle'),
(2482,164,'Colon'),
(2483,164,'Darien'),
(2484,164,'Herrera'),
(2485,164,'Los Santos'),
(2486,164,'Panama'),
(2487,164,'San Blas'),
(2488,164,'Veraguas'),
(2489,165,'Bougainville'),
(2490,165,'Central'),
(2491,165,'Chimbu'),
(2492,165,'Eastern Highlands'),
(2493,165,'East New Britain'),
(2494,165,'East Sepik'),
(2495,165,'Enga'),
(2496,165,'Gulf'),
(2497,165,'Madang'),
(2498,165,'Manus'),
(2499,165,'Milne Bay'),
(2500,165,'Morobe'),
(2501,165,'National Capital'),
(2502,165,'New Ireland'),
(2503,165,'Northern'),
(2504,165,'Sandaun'),
(2505,165,'Southern Highlands'),
(2506,165,'Western'),
(2507,165,'Western Highlands'),
(2508,165,'West New Britain'),
(2509,166,'Alto Paraguay'),
(2510,166,'Alto Parana'),
(2511,166,'Amambay'),
(2512,166,'Asuncion'),
(2513,166,'Boqueron'),
(2514,166,'Caaguazu'),
(2515,166,'Caazapa'),
(2516,166,'Canindeyu'),
(2517,166,'Central'),
(2518,166,'Concepcion'),
(2519,166,'Cordillera'),
(2520,166,'Guaira'),
(2521,166,'Itapua'),
(2522,166,'Misiones'),
(2523,166,'Neembucu'),
(2524,166,'Paraguari'),
(2525,166,'Presidente Hayes'),
(2526,166,'San Pedro'),
(2527,167,'Amazonas'),
(2528,167,'Ancash'),
(2529,167,'Apurimac'),
(2530,167,'Arequipa'),
(2531,167,'Ayacucho'),
(2532,167,'Cajamarca'),
(2533,167,'Callao'),
(2534,167,'Cusco'),
(2535,167,'Huancavelica'),
(2536,167,'Huanuco'),
(2537,167,'Ica'),
(2538,167,'Junin'),
(2539,167,'La Libertad'),
(2540,167,'Lambayeque'),
(2541,167,'Lima'),
(2542,167,'Loreto'),
(2543,167,'Madre de Dios'),
(2544,167,'Moquegua'),
(2545,167,'Pasco'),
(2546,167,'Piura'),
(2547,167,'Puno'),
(2548,167,'San Martin'),
(2549,167,'Tacna'),
(2550,167,'Tumbes'),
(2551,167,'Ucayali'),
(2552,168,'Abra'),
(2553,168,'Agusan del Norte'),
(2554,168,'Agusan del Sur'),
(2555,168,'Aklan'),
(2556,168,'Albay'),
(2557,168,'Antique'),
(2558,168,'Apayao'),
(2559,168,'Aurora'),
(2560,168,'Basilan'),
(2561,168,'Bataan'),
(2562,168,'Batanes'),
(2563,168,'Batangas'),
(2564,168,'Biliran'),
(2565,168,'Benguet'),
(2566,168,'Bohol'),
(2567,168,'Bukidnon'),
(2568,168,'Bulacan'),
(2569,168,'Cagayan'),
(2570,168,'Camarines Norte'),
(2571,168,'Camarines Sur'),
(2572,168,'Camiguin'),
(2573,168,'Capiz'),
(2574,168,'Catanduanes'),
(2575,168,'Cavite'),
(2576,168,'Cebu'),
(2577,168,'Compostela'),
(2578,168,'Davao del Norte'),
(2579,168,'Davao del Sur'),
(2580,168,'Davao Oriental'),
(2581,168,'Eastern Samar'),
(2582,168,'Guimaras'),
(2583,168,'Ifugao'),
(2584,168,'Ilocos Norte'),
(2585,168,'Ilocos Sur'),
(2586,168,'Iloilo'),
(2587,168,'Isabela'),
(2588,168,'Kalinga'),
(2589,168,'Laguna'),
(2590,168,'Lanao del Norte'),
(2591,168,'Lanao del Sur'),
(2592,168,'La Union'),
(2593,168,'Leyte'),
(2594,168,'Maguindanao'),
(2595,168,'Marinduque'),
(2596,168,'Masbate'),
(2597,168,'Mindoro Occidental'),
(2598,168,'Mindoro Oriental'),
(2599,168,'Misamis Occidental'),
(2600,168,'Misamis Oriental'),
(2601,168,'Mountain'),
(2602,168,'Negros Occidental'),
(2603,168,'Negros Oriental'),
(2604,168,'North Cotabato'),
(2605,168,'Northern Samar'),
(2606,168,'Nueva Ecija'),
(2607,168,'Nueva Vizcaya'),
(2608,168,'Palawan'),
(2609,168,'Pampanga'),
(2610,168,'Pangasinan'),
(2611,168,'Quezon'),
(2612,168,'Quirino'),
(2613,168,'Rizal'),
(2614,168,'Romblon'),
(2615,168,'Samar'),
(2616,168,'Sarangani'),
(2617,168,'Siquijor'),
(2618,168,'Sorsogon'),
(2619,168,'South Cotabato'),
(2620,168,'Southern Leyte'),
(2621,168,'Sultan Kudarat'),
(2622,168,'Sulu'),
(2623,168,'Surigao del Norte'),
(2624,168,'Surigao del Sur'),
(2625,168,'Tarlac'),
(2626,168,'Tawi-Tawi'),
(2627,168,'Zambales'),
(2628,168,'Zamboanga del Norte'),
(2629,168,'Zamboanga del Sur'),
(2630,168,'Zamboanga Sibugay'),
(2631,170,'Dolnoslaskie'),
(2632,170,'Kujawsko-Pomorskie'),
(2633,170,'Lodzkie'),
(2634,170,'Lubelskie'),
(2635,170,'Lubuskie'),
(2636,170,'Malopolskie'),
(2637,170,'Mazowieckie'),
(2638,170,'Opolskie'),
(2639,170,'Podkarpackie'),
(2640,170,'Podlaskie'),
(2641,170,'Pomorskie'),
(2642,170,'Slaskie'),
(2643,170,'Swietokrzyskie'),
(2644,170,'Warminsko-Mazurskie'),
(2645,170,'Wielkopolskie'),
(2646,170,'Zachodniopomorskie'),
(2647,198,'Saint Pierre'),
(2648,198,'Miquelon'),
(2649,171,'A&ccedil;ores'),
(2650,171,'Aveiro'),
(2651,171,'Beja'),
(2652,171,'Braga'),
(2653,171,'Bragan&ccedil;a'),
(2654,171,'Castelo Branco'),
(2655,171,'Coimbra'),
(2656,171,'&Eacute;vora'),
(2657,171,'Faro'),
(2658,171,'Guarda'),
(2659,171,'Leiria'),
(2660,171,'Lisboa'),
(2661,171,'Madeira'),
(2662,171,'Portalegre'),
(2663,171,'Porto'),
(2664,171,'Santar&eacute;m'),
(2665,171,'Set&uacute;bal'),
(2666,171,'Viana do Castelo'),
(2667,171,'Vila Real'),
(2668,171,'Viseu'),
(2669,173,'Ad Dawhah'),
(2670,173,'Al Ghuwayriyah'),
(2671,173,'Al Jumayliyah'),
(2672,173,'Al Khawr'),
(2673,173,'Al Wakrah'),
(2674,173,'Ar Rayyan'),
(2675,173,'Jarayan al Batinah'),
(2676,173,'Madinat ash Shamal'),
(2677,173,'Umm Sa\'id'),
(2678,173,'Umm Salal'),
(2679,175,'Alba'),
(2680,175,'Arad'),
(2681,175,'Arges'),
(2682,175,'Bacau'),
(2683,175,'Bihor'),
(2684,175,'Bistrita-Nasaud'),
(2685,175,'Botosani'),
(2686,175,'Brasov'),
(2687,175,'Braila'),
(2688,175,'Bucuresti'),
(2689,175,'Buzau'),
(2690,175,'Caras-Severin'),
(2691,175,'Calarasi'),
(2692,175,'Cluj'),
(2693,175,'Constanta'),
(2694,175,'Covasna'),
(2695,175,'Dimbovita'),
(2696,175,'Dolj'),
(2697,175,'Galati'),
(2698,175,'Giurgiu'),
(2699,175,'Gorj'),
(2700,175,'Harghita'),
(2701,175,'Hunedoara'),
(2702,175,'Ialomita'),
(2703,175,'Iasi'),
(2704,175,'Ilfov'),
(2705,175,'Maramures'),
(2706,175,'Mehedinti'),
(2707,175,'Mures'),
(2708,175,'Neamt'),
(2709,175,'Olt'),
(2710,175,'Prahova'),
(2711,175,'Satu-Mare'),
(2712,175,'Salaj'),
(2713,175,'Sibiu'),
(2714,175,'Suceava'),
(2715,175,'Teleorman'),
(2716,175,'Timis'),
(2717,175,'Tulcea'),
(2718,175,'Vaslui'),
(2719,175,'Valcea'),
(2720,175,'Vrancea'),
(2721,176,'Abakan'),
(2722,176,'Aginskoye'),
(2723,176,'Anadyr'),
(2724,176,'Arkahangelsk'),
(2725,176,'Astrakhan'),
(2726,176,'Barnaul'),
(2727,176,'Belgorod'),
(2728,176,'Birobidzhan'),
(2729,176,'Blagoveshchensk'),
(2730,176,'Bryansk'),
(2731,176,'Cheboksary'),
(2732,176,'Chelyabinsk'),
(2733,176,'Cherkessk'),
(2734,176,'Chita'),
(2735,176,'Dudinka'),
(2736,176,'Elista'),
(2737,176,'Gomo-Altaysk'),
(2738,176,'Gorno-Altaysk'),
(2739,176,'Groznyy'),
(2740,176,'Irkutsk'),
(2741,176,'Ivanovo'),
(2742,176,'Izhevsk'),
(2743,176,'Kalinigrad'),
(2744,176,'Kaluga'),
(2745,176,'Kasnodar'),
(2746,176,'Kazan'),
(2747,176,'Kemerovo'),
(2748,176,'Khabarovsk'),
(2749,176,'Khanty-Mansiysk'),
(2750,176,'Kostroma'),
(2751,176,'Krasnodar'),
(2752,176,'Krasnoyarsk'),
(2753,176,'Kudymkar'),
(2754,176,'Kurgan'),
(2755,176,'Kursk'),
(2756,176,'Kyzyl'),
(2757,176,'Lipetsk'),
(2758,176,'Magadan'),
(2759,176,'Makhachkala'),
(2760,176,'Maykop'),
(2761,176,'Moscow'),
(2762,176,'Murmansk'),
(2763,176,'Nalchik'),
(2764,176,'Naryan Mar'),
(2765,176,'Nazran'),
(2766,176,'Nizhniy Novgorod'),
(2767,176,'Novgorod'),
(2768,176,'Novosibirsk'),
(2769,176,'Omsk'),
(2770,176,'Orel'),
(2771,176,'Orenburg'),
(2772,176,'Palana'),
(2773,176,'Penza'),
(2774,176,'Perm'),
(2775,176,'Petropavlovsk-Kamchatskiy'),
(2776,176,'Petrozavodsk'),
(2777,176,'Pskov'),
(2778,176,'Rostov-na-Donu'),
(2779,176,'Ryazan'),
(2780,176,'Salekhard'),
(2781,176,'Samara'),
(2782,176,'Saransk'),
(2783,176,'Saratov'),
(2784,176,'Smolensk'),
(2785,176,'St. Petersburg'),
(2786,176,'Stavropol'),
(2787,176,'Syktyvkar'),
(2788,176,'Tambov'),
(2789,176,'Tomsk'),
(2790,176,'Tula'),
(2791,176,'Tura'),
(2792,176,'Tver'),
(2793,176,'Tyumen'),
(2794,176,'Ufa'),
(2795,176,'Ul\'yanovsk'),
(2796,176,'Ulan-Ude'),
(2797,176,'Ust\'-Ordynskiy'),
(2798,176,'Vladikavkaz'),
(2799,176,'Vladimir'),
(2800,176,'Vladivostok'),
(2801,176,'Volgograd'),
(2802,176,'Vologda'),
(2803,176,'Voronezh'),
(2804,176,'Vyatka'),
(2805,176,'Yakutsk'),
(2806,176,'Yaroslavl'),
(2807,176,'Yekaterinburg'),
(2808,176,'Yoshkar-Ola'),
(2809,177,'Butare'),
(2810,177,'Byumba'),
(2811,177,'Cyangugu'),
(2812,177,'Gikongoro'),
(2813,177,'Gisenyi'),
(2814,177,'Gitarama'),
(2815,177,'Kibungo'),
(2816,177,'Kibuye'),
(2817,177,'Kigali Rurale'),
(2818,177,'Kigali-ville'),
(2819,177,'Ruhengeri'),
(2820,177,'Umutara'),
(2821,178,'Christ Church Nichola Town'),
(2822,178,'Saint Anne Sandy Point'),
(2823,178,'Saint George Basseterre'),
(2824,178,'Saint George Gingerland'),
(2825,178,'Saint James Windward'),
(2826,178,'Saint John Capesterre'),
(2827,178,'Saint John Figtree'),
(2828,178,'Saint Mary Cayon'),
(2829,178,'Saint Paul Capesterre'),
(2830,178,'Saint Paul Charlestown'),
(2831,178,'Saint Peter Basseterre'),
(2832,178,'Saint Thomas Lowland'),
(2833,178,'Saint Thomas Middle Island'),
(2834,178,'Trinity Palmetto Point'),
(2835,179,'Anse-la-Raye'),
(2836,179,'Castries'),
(2837,179,'Choiseul'),
(2838,179,'Dauphin'),
(2839,179,'Dennery'),
(2840,179,'Gros-Islet'),
(2841,179,'Laborie'),
(2842,179,'Micoud'),
(2843,179,'Praslin'),
(2844,179,'Soufriere'),
(2845,179,'Vieux-Fort'),
(2846,180,'Charlotte'),
(2847,180,'Grenadines'),
(2848,180,'Saint Andrew'),
(2849,180,'Saint David'),
(2850,180,'Saint George'),
(2851,180,'Saint Patrick'),
(2852,181,'A\'ana'),
(2853,181,'Aiga-i-le-Tai'),
(2854,181,'Atua'),
(2855,181,'Fa\'asaleleaga'),
(2856,181,'Gaga\'emauga'),
(2857,181,'Gagaifomauga'),
(2858,181,'Palauli'),
(2859,181,'Satupa\'itea'),
(2860,181,'Tuamasaga'),
(2861,181,'Va\'a-o-Fonoti'),
(2862,181,'Vaisigano'),
(2863,182,'Acquaviva'),
(2864,182,'Borgo Maggiore'),
(2865,182,'Chiesanuova'),
(2866,182,'Domagnano'),
(2867,182,'Faetano'),
(2868,182,'Fiorentino'),
(2869,182,'Montegiardino'),
(2870,182,'Citta di San Marino'),
(2871,182,'Serravalle'),
(2872,183,'Sao Tome'),
(2873,183,'Principe'),
(2874,184,'Al Bahah'),
(2875,184,'Al Hudud ash Shamaliyah'),
(2876,184,'Al Jawf'),
(2877,184,'Al Madinah'),
(2878,184,'Al Qasim'),
(2879,184,'Ar Riyad'),
(2880,184,'Ash Sharqiyah (Eastern)'),
(2881,184,'\'Asir'),
(2882,184,'Ha\'il'),
(2883,184,'Jizan'),
(2884,184,'Makkah'),
(2885,184,'Najran'),
(2886,184,'Tabuk'),
(2887,185,'Dakar'),
(2888,185,'Diourbel'),
(2889,185,'Fatick'),
(2890,185,'Kaolack'),
(2891,185,'Kolda'),
(2892,185,'Louga'),
(2893,185,'Matam'),
(2894,185,'Saint-Louis'),
(2895,185,'Tambacounda'),
(2896,185,'Thies'),
(2897,185,'Ziguinchor'),
(2898,186,'Anse aux Pins'),
(2899,186,'Anse Boileau'),
(2900,186,'Anse Etoile'),
(2901,186,'Anse Louis'),
(2902,186,'Anse Royale'),
(2903,186,'Baie Lazare'),
(2904,186,'Baie Sainte Anne'),
(2905,186,'Beau Vallon'),
(2906,186,'Bel Air'),
(2907,186,'Bel Ombre'),
(2908,186,'Cascade'),
(2909,186,'Glacis'),
(2910,186,'Grand\' Anse (on Mahe)'),
(2911,186,'Grand\' Anse (on Praslin)'),
(2912,186,'La Digue'),
(2913,186,'La Riviere Anglaise'),
(2914,186,'Mont Buxton'),
(2915,186,'Mont Fleuri'),
(2916,186,'Plaisance'),
(2917,186,'Pointe La Rue'),
(2918,186,'Port Glaud'),
(2919,186,'Saint Louis'),
(2920,186,'Takamaka'),
(2921,187,'Eastern'),
(2922,187,'Northern'),
(2923,187,'Southern'),
(2924,187,'Western'),
(2925,189,'Banskobystrick'),
(2926,189,'Bratislavsk'),
(2927,189,'Koick'),
(2928,189,'Nitriansky'),
(2929,189,'Preovsk'),
(2930,189,'Treniansky'),
(2931,189,'Trnavsk'),
(2932,189,'ilinsk'),
(2933,191,'Central'),
(2934,191,'Choiseul'),
(2935,191,'Guadalcanal'),
(2936,191,'Honiara'),
(2937,191,'Isabel'),
(2938,191,'Makira'),
(2939,191,'Malaita'),
(2940,191,'Rennell and Bellona'),
(2941,191,'Temotu'),
(2942,191,'Western'),
(2943,192,'Awdal'),
(2944,192,'Bakool'),
(2945,192,'Banaadir'),
(2946,192,'Bari'),
(2947,192,'Bay'),
(2948,192,'Galguduud'),
(2949,192,'Gedo'),
(2950,192,'Hiiraan'),
(2951,192,'Jubbada Dhexe'),
(2952,192,'Jubbada Hoose'),
(2953,192,'Mudug'),
(2954,192,'Nugaal'),
(2955,192,'Sanaag'),
(2956,192,'Shabeellaha Dhexe'),
(2957,192,'Shabeellaha Hoose'),
(2958,192,'Sool'),
(2959,192,'Togdheer'),
(2960,192,'Woqooyi Galbeed'),
(2961,193,'Eastern Cape'),
(2962,193,'Free State'),
(2963,193,'Gauteng'),
(2964,193,'KwaZulu-Natal'),
(2965,193,'Limpopo'),
(2966,193,'Mpumalanga'),
(2967,193,'North West'),
(2968,193,'Northern Cape'),
(2969,193,'Western Cape'),
(2970,195,'La Coru&ntilde;a'),
(2971,195,'&Aacute;lava'),
(2972,195,'Albacete'),
(2973,195,'Alicante'),
(2974,195,'Almeria'),
(2975,195,'Asturias'),
(2976,195,'&Aacute;vila'),
(2977,195,'Badajoz'),
(2978,195,'Baleares'),
(2979,195,'Barcelona'),
(2980,195,'Burgos'),
(2981,195,'C&aacute;ceres'),
(2982,195,'C&aacute;diz'),
(2983,195,'Cantabria'),
(2984,195,'Castell&oacute;n'),
(2985,195,'Ceuta'),
(2986,195,'Ciudad Real'),
(2987,195,'C&oacute;rdoba'),
(2988,195,'Cuenca'),
(2989,195,'Girona'),
(2990,195,'Granada'),
(2991,195,'Guadalajara'),
(2992,195,'Guip&uacute;zcoa'),
(2993,195,'Huelva'),
(2994,195,'Huesca'),
(2995,195,'Ja&eacute;n'),
(2996,195,'La Rioja'),
(2997,195,'Las Palmas'),
(2998,195,'Leon'),
(2999,195,'Lleida'),
(3000,195,'Lugo'),
(3001,195,'Madrid'),
(3002,195,'Malaga'),
(3003,195,'Melilla'),
(3004,195,'Murcia'),
(3005,195,'Navarra'),
(3006,195,'Ourense'),
(3007,195,'Palencia'),
(3008,195,'Pontevedra'),
(3009,195,'Salamanca'),
(3010,195,'Santa Cruz de Tenerife'),
(3011,195,'Segovia'),
(3012,195,'Sevilla'),
(3013,195,'Soria'),
(3014,195,'Tarragona'),
(3015,195,'Teruel'),
(3016,195,'Toledo'),
(3017,195,'Valencia'),
(3018,195,'Valladolid'),
(3019,195,'Vizcaya'),
(3020,195,'Zamora'),
(3021,195,'Zaragoza'),
(3022,196,'Central'),
(3023,196,'Eastern'),
(3024,196,'North Central'),
(3025,196,'Northern'),
(3026,196,'North Western'),
(3027,196,'Sabaragamuwa'),
(3028,196,'Southern'),
(3029,196,'Uva'),
(3030,196,'Western'),
(3032,197,'Saint Helena'),
(3034,199,'A\'ali an Nil'),
(3035,199,'Al Bahr al Ahmar'),
(3036,199,'Al Buhayrat'),
(3037,199,'Al Jazirah'),
(3038,199,'Al Khartum'),
(3039,199,'Al Qadarif'),
(3040,199,'Al Wahdah'),
(3041,199,'An Nil al Abyad'),
(3042,199,'An Nil al Azraq'),
(3043,199,'Ash Shamaliyah'),
(3044,199,'Bahr al Jabal'),
(3045,199,'Gharb al Istiwa\'iyah'),
(3046,199,'Gharb Bahr al Ghazal'),
(3047,199,'Gharb Darfur'),
(3048,199,'Gharb Kurdufan'),
(3049,199,'Janub Darfur'),
(3050,199,'Janub Kurdufan'),
(3051,199,'Junqali'),
(3052,199,'Kassala'),
(3053,199,'Nahr an Nil'),
(3054,199,'Shamal Bahr al Ghazal'),
(3055,199,'Shamal Darfur'),
(3056,199,'Shamal Kurdufan'),
(3057,199,'Sharq al Istiwa\'iyah'),
(3058,199,'Sinnar'),
(3059,199,'Warab'),
(3060,200,'Brokopondo'),
(3061,200,'Commewijne'),
(3062,200,'Coronie'),
(3063,200,'Marowijne'),
(3064,200,'Nickerie'),
(3065,200,'Para'),
(3066,200,'Paramaribo'),
(3067,200,'Saramacca'),
(3068,200,'Sipaliwini'),
(3069,200,'Wanica'),
(3070,202,'Hhohho'),
(3071,202,'Lubombo'),
(3072,202,'Manzini'),
(3073,202,'Shishelweni'),
(3074,203,'Blekinge'),
(3075,203,'Dalarna'),
(3076,203,'G&auml;vleborg'),
(3077,203,'Gotland'),
(3078,203,'Halland'),
(3079,203,'J&auml;mtland'),
(3080,203,'J&ouml;nk&ouml;ping'),
(3081,203,'Kalmar'),
(3082,203,'Kronoberg'),
(3083,203,'Norrbotten'),
(3084,203,'&Ouml;rebro'),
(3085,203,'&Ouml;sterg&ouml;tland'),
(3086,203,'Sk&aring;ne'),
(3087,203,'S&ouml;dermanland'),
(3088,203,'Stockholm'),
(3089,203,'Uppsala'),
(3090,203,'V&auml;rmland'),
(3091,203,'V&auml;sterbotten'),
(3092,203,'V&auml;sternorrland'),
(3093,203,'V&auml;stmanland'),
(3094,203,'V&auml;stra G&ouml;taland'),
(3095,204,'Aargau'),
(3096,204,'Appenzell Ausserrhoden'),
(3097,204,'Appenzell Innerrhoden'),
(3098,204,'Basel-Stadt'),
(3099,204,'Basel-Landschaft'),
(3100,204,'Bern'),
(3101,204,'Fribourg'),
(3102,204,'Gen&egrave;ve'),
(3103,204,'Glarus'),
(3104,204,'Graub&uuml;nden'),
(3105,204,'Jura'),
(3106,204,'Luzern'),
(3107,204,'Neuch&acirc;tel'),
(3108,204,'Nidwald'),
(3109,204,'Obwald'),
(3110,204,'St. Gallen'),
(3111,204,'Schaffhausen'),
(3112,204,'Schwyz'),
(3113,204,'Solothurn'),
(3114,204,'Thurgau'),
(3115,204,'Ticino'),
(3116,204,'Uri'),
(3117,204,'Valais'),
(3118,204,'Vaud'),
(3119,204,'Zug'),
(3120,204,'Z&uuml;rich'),
(3121,205,'Al Hasakah'),
(3122,205,'Al Ladhiqiyah'),
(3123,205,'Al Qunaytirah'),
(3124,205,'Ar Raqqah'),
(3125,205,'As Suwayda'),
(3126,205,'Dara'),
(3127,205,'Dayr az Zawr'),
(3128,205,'Dimashq'),
(3129,205,'Halab'),
(3130,205,'Hamah'),
(3131,205,'Hims'),
(3132,205,'Idlib'),
(3133,205,'Rif Dimashq'),
(3134,205,'Tartus'),
(3135,206,'Chang-hua'),
(3136,206,'Chia-i'),
(3137,206,'Hsin-chu'),
(3138,206,'Hua-lien'),
(3139,206,'I-lan'),
(3140,206,'Kao-hsiung county'),
(3141,206,'Kin-men'),
(3142,206,'Lien-chiang'),
(3143,206,'Miao-li'),
(3144,206,'Nan-t\'ou'),
(3145,206,'P\'eng-hu'),
(3146,206,'P\'ing-tung'),
(3147,206,'T\'ai-chung'),
(3148,206,'T\'ai-nan'),
(3149,206,'T\'ai-pei county'),
(3150,206,'T\'ai-tung'),
(3151,206,'T\'ao-yuan'),
(3152,206,'Yun-lin'),
(3153,206,'Chia-i city'),
(3154,206,'Chi-lung'),
(3155,206,'Hsin-chu'),
(3156,206,'T\'ai-chung'),
(3157,206,'T\'ai-nan'),
(3158,206,'Kao-hsiung city'),
(3159,206,'T\'ai-pei city'),
(3160,207,'Gorno-Badakhstan'),
(3161,207,'Khatlon'),
(3162,207,'Sughd'),
(3163,208,'Arusha'),
(3164,208,'Dar es Salaam'),
(3165,208,'Dodoma'),
(3166,208,'Iringa'),
(3167,208,'Kagera'),
(3168,208,'Kigoma'),
(3169,208,'Kilimanjaro'),
(3170,208,'Lindi'),
(3171,208,'Manyara'),
(3172,208,'Mara'),
(3173,208,'Mbeya'),
(3174,208,'Morogoro'),
(3175,208,'Mtwara'),
(3176,208,'Mwanza'),
(3177,208,'Pemba North'),
(3178,208,'Pemba South'),
(3179,208,'Pwani'),
(3180,208,'Rukwa'),
(3181,208,'Ruvuma'),
(3182,208,'Shinyanga'),
(3183,208,'Singida'),
(3184,208,'Tabora'),
(3185,208,'Tanga'),
(3186,208,'Zanzibar Central/South'),
(3187,208,'Zanzibar North'),
(3188,208,'Zanzibar Urban/West'),
(3189,209,'Amnat Charoen'),
(3190,209,'Ang Thong'),
(3191,209,'Ayutthaya'),
(3192,209,'Bangkok'),
(3193,209,'Buriram'),
(3194,209,'Chachoengsao'),
(3195,209,'Chai Nat'),
(3196,209,'Chaiyaphum'),
(3197,209,'Chanthaburi'),
(3198,209,'Chiang Mai'),
(3199,209,'Chiang Rai'),
(3200,209,'Chon Buri'),
(3201,209,'Chumphon'),
(3202,209,'Kalasin'),
(3203,209,'Kamphaeng Phet'),
(3204,209,'Kanchanaburi'),
(3205,209,'Khon Kaen'),
(3206,209,'Krabi'),
(3207,209,'Lampang'),
(3208,209,'Lamphun'),
(3209,209,'Loei'),
(3210,209,'Lop Buri'),
(3211,209,'Mae Hong Son'),
(3212,209,'Maha Sarakham'),
(3213,209,'Mukdahan'),
(3214,209,'Nakhon Nayok'),
(3215,209,'Nakhon Pathom'),
(3216,209,'Nakhon Phanom'),
(3217,209,'Nakhon Ratchasima'),
(3218,209,'Nakhon Sawan'),
(3219,209,'Nakhon Si Thammarat'),
(3220,209,'Nan'),
(3221,209,'Narathiwat'),
(3222,209,'Nong Bua Lamphu'),
(3223,209,'Nong Khai'),
(3224,209,'Nonthaburi'),
(3225,209,'Pathum Thani'),
(3226,209,'Pattani'),
(3227,209,'Phangnga'),
(3228,209,'Phatthalung'),
(3229,209,'Phayao'),
(3230,209,'Phetchabun'),
(3231,209,'Phetchaburi'),
(3232,209,'Phichit'),
(3233,209,'Phitsanulok'),
(3234,209,'Phrae'),
(3235,209,'Phuket'),
(3236,209,'Prachin Buri'),
(3237,209,'Prachuap Khiri Khan'),
(3238,209,'Ranong'),
(3239,209,'Ratchaburi'),
(3240,209,'Rayong'),
(3241,209,'Roi Et'),
(3242,209,'Sa Kaeo'),
(3243,209,'Sakon Nakhon'),
(3244,209,'Samut Prakan'),
(3245,209,'Samut Sakhon'),
(3246,209,'Samut Songkhram'),
(3247,209,'Sara Buri'),
(3248,209,'Satun'),
(3249,209,'Sing Buri'),
(3250,209,'Sisaket'),
(3251,209,'Songkhla'),
(3252,209,'Sukhothai'),
(3253,209,'Suphan Buri'),
(3254,209,'Surat Thani'),
(3255,209,'Surin'),
(3256,209,'Tak'),
(3257,209,'Trang'),
(3258,209,'Trat'),
(3259,209,'Ubon Ratchathani'),
(3260,209,'Udon Thani'),
(3261,209,'Uthai Thani'),
(3262,209,'Uttaradit'),
(3263,209,'Yala'),
(3264,209,'Yasothon'),
(3265,210,'Kara'),
(3266,210,'Plateaux'),
(3267,210,'Savanes'),
(3268,210,'Centrale'),
(3269,210,'Maritime'),
(3270,211,'Atafu'),
(3271,211,'Fakaofo'),
(3272,211,'Nukunonu'),
(3273,212,'Ha\'apai'),
(3274,212,'Tongatapu'),
(3275,212,'Vava\'u'),
(3276,213,'Couva/Tabaquite/Talparo'),
(3277,213,'Diego Martin'),
(3278,213,'Mayaro/Rio Claro'),
(3279,213,'Penal/Debe'),
(3280,213,'Princes Town'),
(3281,213,'Sangre Grande'),
(3282,213,'San Juan/Laventille'),
(3283,213,'Siparia'),
(3284,213,'Tunapuna/Piarco'),
(3285,213,'Port of Spain'),
(3286,213,'San Fernando'),
(3287,213,'Arima'),
(3288,213,'Point Fortin'),
(3289,213,'Chaguanas'),
(3290,213,'Tobago'),
(3291,214,'Ariana'),
(3292,214,'Beja'),
(3293,214,'Ben Arous'),
(3294,214,'Bizerte'),
(3295,214,'Gabes'),
(3296,214,'Gafsa'),
(3297,214,'Jendouba'),
(3298,214,'Kairouan'),
(3299,214,'Kasserine'),
(3300,214,'Kebili'),
(3301,214,'Kef'),
(3302,214,'Mahdia'),
(3303,214,'Manouba'),
(3304,214,'Medenine'),
(3305,214,'Monastir'),
(3306,214,'Nabeul'),
(3307,214,'Sfax'),
(3308,214,'Sidi'),
(3309,214,'Siliana'),
(3310,214,'Sousse'),
(3311,214,'Tataouine'),
(3312,214,'Tozeur'),
(3313,214,'Tunis'),
(3314,214,'Zaghouan'),
(3315,215,'Adana'),
(3316,215,'Adyaman'),
(3317,215,'Afyonkarahisar'),
(3318,215,'Ar'),
(3319,215,'Aksaray'),
(3320,215,'Amasya'),
(3321,215,'Ankara'),
(3322,215,'Antalya'),
(3323,215,'Ardahan'),
(3324,215,'Artvin'),
(3325,215,'Aydn'),
(3326,215,'Balkesir'),
(3327,215,'Bartn'),
(3328,215,'Batman'),
(3329,215,'Bayburt'),
(3330,215,'Bilecik'),
(3331,215,'Bingl'),
(3332,215,'Bitlis'),
(3333,215,'Bolu'),
(3334,215,'Burdur'),
(3335,215,'Bursa'),
(3336,215,'anakkale'),
(3337,215,'ankr'),
(3338,215,'orum'),
(3339,215,'Denizli'),
(3340,215,'Diyarbakr'),
(3341,215,'Dzce'),
(3342,215,'Edirne'),
(3343,215,'Elaz'),
(3344,215,'Erzincan'),
(3345,215,'Erzurum'),
(3346,215,'Eskiehir'),
(3347,215,'Gaziantep'),
(3348,215,'Giresun'),
(3349,215,'Gmhane'),
(3350,215,'Hakkari'),
(3351,215,'Hatay'),
(3352,215,'Idr'),
(3353,215,'Isparta'),
(3354,215,'stanbul'),
(3355,215,'zmir'),
(3356,215,'Kahramanmara'),
(3357,215,'Karabk'),
(3358,215,'Karaman'),
(3359,215,'Kars'),
(3360,215,'Kastamonu'),
(3361,215,'Kayseri'),
(3362,215,'Kilis'),
(3363,215,'Krkkale'),
(3364,215,'Krklareli'),
(3365,215,'Krehir'),
(3366,215,'Kocaeli'),
(3367,215,'Konya'),
(3368,215,'Ktahya'),
(3369,215,'Malatya'),
(3370,215,'Manisa'),
(3371,215,'Mardin'),
(3372,215,'Mersin'),
(3373,215,'Mula'),
(3374,215,'Mu'),
(3375,215,'Nevehir'),
(3376,215,'Nide'),
(3377,215,'Ordu'),
(3378,215,'Osmaniye'),
(3379,215,'Rize'),
(3380,215,'Sakarya'),
(3381,215,'Samsun'),
(3382,215,'anlurfa'),
(3383,215,'Siirt'),
(3384,215,'Sinop'),
(3385,215,'rnak'),
(3386,215,'Sivas'),
(3387,215,'Tekirda'),
(3388,215,'Tokat'),
(3389,215,'Trabzon'),
(3390,215,'Tunceli'),
(3391,215,'Uak'),
(3392,215,'Van'),
(3393,215,'Yalova'),
(3394,215,'Yozgat'),
(3395,215,'Zonguldak'),
(3396,216,'Ahal Welayaty'),
(3397,216,'Balkan Welayaty'),
(3398,216,'Dashhowuz Welayaty'),
(3399,216,'Lebap Welayaty'),
(3400,216,'Mary Welayaty'),
(3401,217,'Ambergris Cays'),
(3402,217,'Dellis Cay'),
(3403,217,'French Cay'),
(3404,217,'Little Water Cay'),
(3405,217,'Parrot Cay'),
(3406,217,'Pine Cay'),
(3407,217,'Salt Cay'),
(3408,217,'Grand Turk'),
(3409,217,'South Caicos'),
(3410,217,'East Caicos'),
(3411,217,'Middle Caicos'),
(3412,217,'North Caicos'),
(3413,217,'Providenciales'),
(3414,217,'West Caicos'),
(3415,218,'Nanumanga'),
(3416,218,'Niulakita'),
(3417,218,'Niutao'),
(3418,218,'Funafuti'),
(3419,218,'Nanumea'),
(3420,218,'Nui'),
(3421,218,'Nukufetau'),
(3422,218,'Nukulaelae'),
(3423,218,'Vaitupu'),
(3424,219,'Kalangala'),
(3425,219,'Kampala'),
(3426,219,'Kayunga'),
(3427,219,'Kiboga'),
(3428,219,'Luwero'),
(3429,219,'Masaka'),
(3430,219,'Mpigi'),
(3431,219,'Mubende'),
(3432,219,'Mukono'),
(3433,219,'Nakasongola'),
(3434,219,'Rakai'),
(3435,219,'Sembabule'),
(3436,219,'Wakiso'),
(3437,219,'Bugiri'),
(3438,219,'Busia'),
(3439,219,'Iganga'),
(3440,219,'Jinja'),
(3441,219,'Kaberamaido'),
(3442,219,'Kamuli'),
(3443,219,'Kapchorwa'),
(3444,219,'Katakwi'),
(3445,219,'Kumi'),
(3446,219,'Mayuge'),
(3447,219,'Mbale'),
(3448,219,'Pallisa'),
(3449,219,'Sironko'),
(3450,219,'Soroti'),
(3451,219,'Tororo'),
(3452,219,'Adjumani'),
(3453,219,'Apac'),
(3454,219,'Arua'),
(3455,219,'Gulu'),
(3456,219,'Kitgum'),
(3457,219,'Kotido'),
(3458,219,'Lira'),
(3459,219,'Moroto'),
(3460,219,'Moyo'),
(3461,219,'Nakapiripirit'),
(3462,219,'Nebbi'),
(3463,219,'Pader'),
(3464,219,'Yumbe'),
(3465,219,'Bundibugyo'),
(3466,219,'Bushenyi'),
(3467,219,'Hoima'),
(3468,219,'Kabale'),
(3469,219,'Kabarole'),
(3470,219,'Kamwenge'),
(3471,219,'Kanungu'),
(3472,219,'Kasese'),
(3473,219,'Kibaale'),
(3474,219,'Kisoro'),
(3475,219,'Kyenjojo'),
(3476,219,'Masindi'),
(3477,219,'Mbarara'),
(3478,219,'Ntungamo'),
(3479,219,'Rukungiri'),
(3480,220,'Cherkas\'ka Oblast\''),
(3481,220,'Chernihivs\'ka Oblast\''),
(3482,220,'Chernivets\'ka Oblast\''),
(3483,220,'Crimea'),
(3484,220,'Dnipropetrovs\'ka Oblast\''),
(3485,220,'Donets\'ka Oblast\''),
(3486,220,'Ivano-Frankivs\'ka Oblast\''),
(3487,220,'Khersons\'ka Oblast\''),
(3488,220,'Khmel\'nyts\'ka Oblast\''),
(3489,220,'Kirovohrads\'ka Oblast\''),
(3490,220,'Kyiv'),
(3491,220,'Kyivs\'ka Oblast\''),
(3492,220,'Luhans\'ka Oblast\''),
(3493,220,'L\'vivs\'ka Oblast\''),
(3494,220,'Mykolayivs\'ka Oblast\''),
(3495,220,'Odes\'ka Oblast\''),
(3496,220,'Poltavs\'ka Oblast\''),
(3497,220,'Rivnens\'ka Oblast\''),
(3498,220,'Sevastopol\''),
(3499,220,'Sums\'ka Oblast\''),
(3500,220,'Ternopil\'s\'ka Oblast\''),
(3501,220,'Vinnyts\'ka Oblast\''),
(3502,220,'Volyns\'ka Oblast\''),
(3503,220,'Zakarpats\'ka Oblast\''),
(3504,220,'Zaporiz\'ka Oblast\''),
(3505,220,'Zhytomyrs\'ka oblast\''),
(3506,221,'Abu Dhabi'),
(3507,221,'\'Ajman'),
(3508,221,'Al Fujayrah'),
(3509,221,'Ash Shariqah'),
(3510,221,'Dubai'),
(3511,221,'R\'as al Khaymah'),
(3512,221,'Umm al Qaywayn'),
(3513,222,'Aberdeen'),
(3514,222,'Aberdeenshire'),
(3515,222,'Anglesey'),
(3516,222,'Angus'),
(3517,222,'Argyll and Bute'),
(3518,222,'Bedfordshire'),
(3519,222,'Berkshire'),
(3520,222,'Blaenau Gwent'),
(3521,222,'Bridgend'),
(3522,222,'Bristol'),
(3523,222,'Buckinghamshire'),
(3524,222,'Caerphilly'),
(3525,222,'Cambridgeshire'),
(3526,222,'Cardiff'),
(3527,222,'Carmarthenshire'),
(3528,222,'Ceredigion'),
(3529,222,'Cheshire'),
(3530,222,'Clackmannanshire'),
(3531,222,'Conwy'),
(3532,222,'Cornwall'),
(3533,222,'Denbighshire'),
(3534,222,'Derbyshire'),
(3535,222,'Devon'),
(3536,222,'Dorset'),
(3537,222,'Dumfries and Galloway'),
(3538,222,'Dundee'),
(3539,222,'Durham'),
(3540,222,'East Ayrshire'),
(3541,222,'East Dunbartonshire'),
(3542,222,'East Lothian'),
(3543,222,'East Renfrewshire'),
(3544,222,'East Riding of Yorkshire'),
(3545,222,'East Sussex'),
(3546,222,'Edinburgh'),
(3547,222,'Essex'),
(3548,222,'Falkirk'),
(3549,222,'Fife'),
(3550,222,'Flintshire'),
(3551,222,'Glasgow'),
(3552,222,'Gloucestershire'),
(3553,222,'Greater London'),
(3554,222,'Greater Manchester'),
(3555,222,'Gwynedd'),
(3556,222,'Hampshire'),
(3557,222,'Herefordshire'),
(3558,222,'Hertfordshire'),
(3559,222,'Highlands'),
(3560,222,'Inverclyde'),
(3561,222,'Isle of Wight'),
(3562,222,'Kent'),
(3563,222,'Lancashire'),
(3564,222,'Leicestershire'),
(3565,222,'Lincolnshire'),
(3566,222,'Merseyside'),
(3567,222,'Merthyr Tydfil'),
(3568,222,'Midlothian'),
(3569,222,'Monmouthshire'),
(3570,222,'Moray'),
(3571,222,'Neath Port Talbot'),
(3572,222,'Newport'),
(3573,222,'Norfolk'),
(3574,222,'North Ayrshire'),
(3575,222,'North Lanarkshire'),
(3576,222,'North Yorkshire'),
(3577,222,'Northamptonshire'),
(3578,222,'Northumberland'),
(3579,222,'Nottinghamshire'),
(3580,222,'Orkney Islands'),
(3581,222,'Oxfordshire'),
(3582,222,'Pembrokeshire'),
(3583,222,'Perth and Kinross'),
(3584,222,'Powys'),
(3585,222,'Renfrewshire'),
(3586,222,'Rhondda Cynon Taff'),
(3587,222,'Rutland'),
(3588,222,'Scottish Borders'),
(3589,222,'Shetland Islands'),
(3590,222,'Shropshire'),
(3591,222,'Somerset'),
(3592,222,'South Ayrshire'),
(3593,222,'South Lanarkshire'),
(3594,222,'South Yorkshire'),
(3595,222,'Staffordshire'),
(3596,222,'Stirling'),
(3597,222,'Suffolk'),
(3598,222,'Surrey'),
(3599,222,'Swansea'),
(3600,222,'Torfaen'),
(3601,222,'Tyne and Wear'),
(3602,222,'Vale of Glamorgan'),
(3603,222,'Warwickshire'),
(3604,222,'West Dunbartonshire'),
(3605,222,'West Lothian'),
(3606,222,'West Midlands'),
(3607,222,'West Sussex'),
(3608,222,'West Yorkshire'),
(3609,222,'Western Isles'),
(3610,222,'Wiltshire'),
(3611,222,'Worcestershire'),
(3612,222,'Wrexham'),
(3613,223,'Alabama'),
(3614,223,'Alaska'),
(3615,223,'American Samoa'),
(3616,223,'Arizona'),
(3617,223,'Arkansas'),
(3618,223,'Armed Forces Africa'),
(3619,223,'Armed Forces Americas'),
(3620,223,'Armed Forces Canada'),
(3621,223,'Armed Forces Europe'),
(3622,223,'Armed Forces Middle East'),
(3623,223,'Armed Forces Pacific'),
(3624,223,'California'),
(3625,223,'Colorado'),
(3626,223,'Connecticut'),
(3627,223,'Delaware'),
(3628,223,'District of Columbia'),
(3629,223,'Federated States Of Micronesia'),
(3630,223,'Florida'),
(3631,223,'Georgia'),
(3632,223,'Guam'),
(3633,223,'Hawaii'),
(3634,223,'Idaho'),
(3635,223,'Illinois'),
(3636,223,'Indiana'),
(3637,223,'Iowa'),
(3638,223,'Kansas'),
(3639,223,'Kentucky'),
(3640,223,'Louisiana'),
(3641,223,'Maine'),
(3642,223,'Marshall Islands'),
(3643,223,'Maryland'),
(3644,223,'Massachusetts'),
(3645,223,'Michigan'),
(3646,223,'Minnesota'),
(3647,223,'Mississippi'),
(3648,223,'Missouri'),
(3649,223,'Montana'),
(3650,223,'Nebraska'),
(3651,223,'Nevada'),
(3652,223,'New Hampshire'),
(3653,223,'New Jersey'),
(3654,223,'New Mexico'),
(3655,223,'New York'),
(3656,223,'North Carolina'),
(3657,223,'North Dakota'),
(3658,223,'Northern Mariana Islands'),
(3659,223,'Ohio'),
(3660,223,'Oklahoma'),
(3661,223,'Oregon'),
(3662,223,'Palau'),
(3663,223,'Pennsylvania'),
(3664,223,'Puerto Rico'),
(3665,223,'Rhode Island'),
(3666,223,'South Carolina'),
(3667,223,'South Dakota'),
(3668,223,'Tennessee'),
(3669,223,'Texas'),
(3670,223,'Utah'),
(3671,223,'Vermont'),
(3672,223,'Virgin Islands'),
(3673,223,'Virginia'),
(3674,223,'Washington'),
(3675,223,'West Virginia'),
(3676,223,'Wisconsin'),
(3677,223,'Wyoming'),
(3678,224,'Baker Island'),
(3679,224,'Howland Island'),
(3680,224,'Jarvis Island'),
(3681,224,'Johnston Atoll'),
(3682,224,'Kingman Reef'),
(3683,224,'Midway Atoll'),
(3684,224,'Navassa Island'),
(3685,224,'Palmyra Atoll'),
(3686,224,'Wake Island'),
(3687,225,'Artigas'),
(3688,225,'Canelones'),
(3689,225,'Cerro Largo'),
(3690,225,'Colonia'),
(3691,225,'Durazno'),
(3692,225,'Flores'),
(3693,225,'Florida'),
(3694,225,'Lavalleja'),
(3695,225,'Maldonado'),
(3696,225,'Montevideo'),
(3697,225,'Paysandu'),
(3698,225,'Rio Negro'),
(3699,225,'Rivera'),
(3700,225,'Rocha'),
(3701,225,'Salto'),
(3702,225,'San Jose'),
(3703,225,'Soriano'),
(3704,225,'Tacuarembo'),
(3705,225,'Treinta y Tres'),
(3706,226,'Andijon'),
(3707,226,'Buxoro'),
(3708,226,'Farg\'ona'),
(3709,226,'Jizzax'),
(3710,226,'Namangan'),
(3711,226,'Navoiy'),
(3712,226,'Qashqadaryo'),
(3713,226,'Qoraqalpog\'iston Republikasi'),
(3714,226,'Samarqand'),
(3715,226,'Sirdaryo'),
(3716,226,'Surxondaryo'),
(3717,226,'Toshkent City'),
(3718,226,'Toshkent Region'),
(3719,226,'Xorazm'),
(3720,227,'Malampa'),
(3721,227,'Penama'),
(3722,227,'Sanma'),
(3723,227,'Shefa'),
(3724,227,'Tafea'),
(3725,227,'Torba'),
(3726,229,'Amazonas'),
(3727,229,'Anzoategui'),
(3728,229,'Apure'),
(3729,229,'Aragua'),
(3730,229,'Barinas'),
(3731,229,'Bolivar'),
(3732,229,'Carabobo'),
(3733,229,'Cojedes'),
(3734,229,'Delta Amacuro'),
(3735,229,'Dependencias Federales'),
(3736,229,'Distrito Federal'),
(3737,229,'Falcon'),
(3738,229,'Guarico'),
(3739,229,'Lara'),
(3740,229,'Merida'),
(3741,229,'Miranda'),
(3742,229,'Monagas'),
(3743,229,'Nueva Esparta'),
(3744,229,'Portuguesa'),
(3745,229,'Sucre'),
(3746,229,'Tachira'),
(3747,229,'Trujillo'),
(3748,229,'Vargas'),
(3749,229,'Yaracuy'),
(3750,229,'Zulia'),
(3751,230,'An Giang'),
(3752,230,'Bac Giang'),
(3753,230,'Bac Kan'),
(3754,230,'Bac Lieu'),
(3755,230,'Bac Ninh'),
(3756,230,'Ba Ria-Vung Tau'),
(3757,230,'Ben Tre'),
(3758,230,'Binh Dinh'),
(3759,230,'Binh Duong'),
(3760,230,'Binh Phuoc'),
(3761,230,'Binh Thuan'),
(3762,230,'Ca Mau'),
(3763,230,'Can Tho'),
(3764,230,'Cao Bang'),
(3765,230,'Dak Lak'),
(3766,230,'Dak Nong'),
(3767,230,'Da Nang'),
(3768,230,'Dien Bien'),
(3769,230,'Dong Nai'),
(3770,230,'Dong Thap'),
(3771,230,'Gia Lai'),
(3772,230,'Ha Giang'),
(3773,230,'Hai Duong'),
(3774,230,'Hai Phong'),
(3775,230,'Ha Nam'),
(3776,230,'Ha Noi'),
(3777,230,'Ha Tay'),
(3778,230,'Ha Tinh'),
(3779,230,'Hoa Binh'),
(3780,230,'Ho Chi Minh City'),
(3781,230,'Hau Giang'),
(3782,230,'Hung Yen'),
(3783,232,'Saint Croix'),
(3784,232,'Saint John'),
(3785,232,'Saint Thomas'),
(3786,233,'Alo'),
(3787,233,'Sigave'),
(3788,233,'Wallis'),
(3789,235,'Abyan'),
(3790,235,'Adan'),
(3791,235,'Amran'),
(3792,235,'Al Bayda'),
(3793,235,'Ad Dali'),
(3794,235,'Dhamar'),
(3795,235,'Hadramawt'),
(3796,235,'Hajjah'),
(3797,235,'Al Hudaydah'),
(3798,235,'Ibb'),
(3799,235,'Al Jawf'),
(3800,235,'Lahij'),
(3801,235,'Ma\'rib'),
(3802,235,'Al Mahrah'),
(3803,235,'Al Mahwit'),
(3804,235,'Sa\'dah'),
(3805,235,'San\'a'),
(3806,235,'Shabwah'),
(3807,235,'Ta\'izz'),
(3812,237,'Bas-Congo'),
(3813,237,'Bandundu'),
(3814,237,'Equateur'),
(3815,237,'Katanga'),
(3816,237,'Kasai-Oriental'),
(3817,237,'Kinshasa'),
(3818,237,'Kasai-Occidental'),
(3819,237,'Maniema'),
(3820,237,'Nord-Kivu'),
(3821,237,'Orientale'),
(3822,237,'Sud-Kivu'),
(3823,238,'Central'),
(3824,238,'Copperbelt'),
(3825,238,'Eastern'),
(3826,238,'Luapula'),
(3827,238,'Lusaka'),
(3828,238,'Northern'),
(3829,238,'North-Western'),
(3830,238,'Southern'),
(3831,238,'Western'),
(3832,239,'Bulawayo'),
(3833,239,'Harare'),
(3834,239,'Manicaland'),
(3835,239,'Mashonaland Central'),
(3836,239,'Mashonaland East'),
(3837,239,'Mashonaland West'),
(3838,239,'Masvingo'),
(3839,239,'Matabeleland North'),
(3840,239,'Matabeleland South'),
(3841,239,'Midlands'),
(3861,105,'Campobasso'),
(3862,105,'Carbonia-Iglesias'),
(3863,105,'Caserta'),
(3864,105,'Catania'),
(3865,105,'Catanzaro'),
(3866,105,'Chieti'),
(3867,105,'Como'),
(3868,105,'Cosenza'),
(3869,105,'Cremona'),
(3870,105,'Crotone'),
(3871,105,'Cuneo'),
(3872,105,'Enna'),
(3873,105,'Ferrara'),
(3874,105,'Firenze'),
(3875,105,'Foggia'),
(3876,105,'Forli-Cesena'),
(3877,105,'Frosinone'),
(3878,105,'Genova'),
(3879,105,'Gorizia'),
(3880,105,'Grosseto'),
(3881,105,'Imperia'),
(3882,105,'Isernia'),
(3883,105,'L&#39;Aquila'),
(3884,105,'La Spezia'),
(3885,105,'Latina'),
(3886,105,'Lecce'),
(3887,105,'Lecco'),
(3888,105,'Livorno'),
(3889,105,'Lodi'),
(3890,105,'Lucca'),
(3891,105,'Macerata'),
(3892,105,'Mantova'),
(3893,105,'Massa-Carrara'),
(3894,105,'Matera'),
(3895,105,'Medio Campidano'),
(3896,105,'Messina'),
(3897,105,'Milano'),
(3898,105,'Modena'),
(3899,105,'Napoli'),
(3900,105,'Novara'),
(3901,105,'Nuoro'),
(3902,105,'Ogliastra'),
(3903,105,'Olbia-Tempio'),
(3904,105,'Oristano'),
(3905,105,'Padova'),
(3906,105,'Palermo'),
(3907,105,'Parma'),
(3908,105,'Pavia'),
(3909,105,'Perugia'),
(3910,105,'Pesaro e Urbino'),
(3911,105,'Pescara'),
(3912,105,'Piacenza'),
(3913,105,'Pisa'),
(3914,105,'Pistoia'),
(3915,105,'Pordenone'),
(3916,105,'Potenza'),
(3917,105,'Prato'),
(3918,105,'Ragusa'),
(3919,105,'Ravenna'),
(3920,105,'Reggio Calabria'),
(3921,105,'Reggio Emilia'),
(3922,105,'Rieti'),
(3923,105,'Rimini'),
(3924,105,'Roma'),
(3925,105,'Rovigo'),
(3926,105,'Salerno'),
(3927,105,'Sassari'),
(3928,105,'Savona'),
(3929,105,'Siena'),
(3930,105,'Siracusa'),
(3931,105,'Sondrio'),
(3932,105,'Taranto'),
(3933,105,'Teramo'),
(3934,105,'Terni'),
(3935,105,'Torino'),
(3936,105,'Trapani'),
(3937,105,'Trento'),
(3938,105,'Treviso'),
(3939,105,'Trieste'),
(3940,105,'Udine'),
(3941,105,'Varese'),
(3942,105,'Venezia'),
(3943,105,'Verbano-Cusio-Ossola'),
(3944,105,'Vercelli'),
(3945,105,'Verona'),
(3946,105,'Vibo Valentia'),
(3947,105,'Vicenza'),
(3948,105,'Viterbo'),
(3949,222,'County Antrim'),
(3950,222,'County Armagh'),
(3951,222,'County Down'),
(3952,222,'County Fermanagh'),
(3953,222,'County Londonderry'),
(3954,222,'County Tyrone'),
(3955,222,'Cumbria'),
(3956,190,'Pomurska'),
(3957,190,'Podravska'),
(3958,190,'Koroka'),
(3959,190,'Savinjska'),
(3960,190,'Zasavska'),
(3961,190,'Spodnjeposavska'),
(3962,190,'Jugovzhodna Slovenija'),
(3963,190,'Osrednjeslovenska'),
(3964,190,'Gorenjska'),
(3965,190,'Notranjsko-kraka'),
(3966,190,'Gorika'),
(3967,190,'Obalno-kraka'),
(3968,33,'Ruse'),
(3969,101,'Alborz'),
(3970,21,'Brussels-Capital Region'),
(3971,138,'Aguascalientes'),
(3973,242,'Andrijevica'),
(3974,242,'Bar'),
(3975,242,'Berane'),
(3976,242,'Bijelo Polje'),
(3977,242,'Budva'),
(3978,242,'Cetinje'),
(3979,242,'Danilovgrad'),
(3980,242,'Herceg-Novi'),
(3981,242,'Kolain'),
(3982,242,'Kotor'),
(3983,242,'Mojkovac'),
(3984,242,'Niki'),
(3985,242,'Plav'),
(3986,242,'Pljevlja'),
(3987,242,'Pluine'),
(3988,242,'Podgorica'),
(3989,242,'Roaje'),
(3990,242,'avnik'),
(3991,242,'Tivat'),
(3992,242,'Ulcinj'),
(3993,242,'abljak'),
(3994,243,'Belgrade'),
(3995,243,'North Baka'),
(3996,243,'Central Banat'),
(3997,243,'North Banat'),
(3998,243,'South Banat'),
(3999,243,'West Baka'),
(4000,243,'South Baka'),
(4001,243,'Srem'),
(4002,243,'Mava'),
(4003,243,'Kolubara'),
(4004,243,'Podunavlje'),
(4005,243,'Branievo'),
(4006,243,'umadija'),
(4007,243,'Pomoravlje'),
(4008,243,'Bor'),
(4009,243,'Zajear'),
(4010,243,'Zlatibor'),
(4011,243,'Moravica'),
(4012,243,'Raka'),
(4013,243,'Rasina'),
(4014,243,'Niava'),
(4015,243,'Toplica'),
(4016,243,'Pirot'),
(4017,243,'Jablanica'),
(4018,243,'Pinja'),
(4020,245,'Bonaire'),
(4021,245,'Saba'),
(4022,245,'Sint Eustatius'),
(4023,248,'Central Equatoria'),
(4024,248,'Eastern Equatoria'),
(4025,248,'Jonglei'),
(4026,248,'Lakes'),
(4027,248,'Northern Bahr el-Ghazal'),
(4028,248,'Unity'),
(4029,248,'Upper Nile'),
(4030,248,'Warrap'),
(4031,248,'Western Bahr el-Ghazal'),
(4032,248,'Western Equatoria'),
(4036,117,'Ainai, Salacgrvas novads'),
(4037,117,'Aizkraukle, Aizkraukles novads'),
(4038,117,'Aizkraukles novads'),
(4039,117,'Aizpute, Aizputes novads'),
(4040,117,'Aizputes novads'),
(4041,117,'Aknste, Aknstes novads'),
(4042,117,'Aknstes novads'),
(4043,117,'Aloja, Alojas novads'),
(4044,117,'Alojas novads'),
(4045,117,'Alsungas novads'),
(4046,117,'Alksne, Alksnes novads'),
(4047,117,'Alksnes novads'),
(4048,117,'Amatas novads'),
(4049,117,'Ape, Apes novads'),
(4050,117,'Apes novads'),
(4051,117,'Auce, Auces novads'),
(4052,117,'Auces novads'),
(4053,117,'dau novads'),
(4054,117,'Babtes novads'),
(4055,117,'Baldone, Baldones novads'),
(4056,117,'Baldones novads'),
(4057,117,'Baloi, ekavas novads'),
(4058,117,'Baltinavas novads'),
(4059,117,'Balvi, Balvu novads'),
(4060,117,'Balvu novads'),
(4061,117,'Bauska, Bauskas novads'),
(4062,117,'Bauskas novads'),
(4063,117,'Bevernas novads'),
(4064,117,'Brocni, Brocnu novads'),
(4065,117,'Brocnu novads'),
(4066,117,'Burtnieku novads'),
(4067,117,'Carnikavas novads'),
(4068,117,'Cesvaine, Cesvaines novads'),
(4069,117,'Cesvaines novads'),
(4070,117,'Csis, Csu novads'),
(4071,117,'Csu novads'),
(4072,117,'Ciblas novads'),
(4073,117,'Dagda, Dagdas novads'),
(4074,117,'Dagdas novads'),
(4075,117,'Daugavpils'),
(4076,117,'Daugavpils novads'),
(4077,117,'Dobele, Dobeles novads'),
(4078,117,'Dobeles novads'),
(4079,117,'Dundagas novads'),
(4080,117,'Durbe, Durbes novads'),
(4081,117,'Durbes novads'),
(4082,117,'Engures novads'),
(4083,117,'rgu novads'),
(4084,117,'Garkalnes novads'),
(4085,117,'Grobia, Grobias novads'),
(4086,117,'Grobias novads'),
(4087,117,'Gulbene, Gulbenes novads'),
(4088,117,'Gulbenes novads'),
(4089,117,'Iecavas novads'),
(4090,117,'Ikile, Ikiles novads'),
(4091,117,'Ikiles novads'),
(4092,117,'Ilkste, Ilkstes novads'),
(4093,117,'Ilkstes novads'),
(4094,117,'Inukalna novads'),
(4095,117,'Jaunjelgava, Jaunjelgavas novads'),
(4096,117,'Jaunjelgavas novads'),
(4097,117,'Jaunpiebalgas novads'),
(4098,117,'Jaunpils novads'),
(4099,117,'Jelgava'),
(4100,117,'Jelgavas novads'),
(4101,117,'Jkabpils'),
(4102,117,'Jkabpils novads'),
(4103,117,'Jrmala'),
(4104,117,'Kalnciems, Jelgavas novads'),
(4105,117,'Kandava, Kandavas novads'),
(4106,117,'Kandavas novads'),
(4107,117,'Krsava, Krsavas novads'),
(4108,117,'Krsavas novads'),
(4109,117,'Kocnu novads ,bij. Valmieras)'),
(4110,117,'Kokneses novads'),
(4111,117,'Krslava, Krslavas novads'),
(4112,117,'Krslavas novads'),
(4113,117,'Krimuldas novads'),
(4114,117,'Krustpils novads'),
(4115,117,'Kuldga, Kuldgas novads'),
(4116,117,'Kuldgas novads'),
(4117,117,'eguma novads'),
(4118,117,'egums, eguma novads'),
(4119,117,'ekavas novads'),
(4120,117,'Lielvrde, Lielvrdes novads'),
(4121,117,'Lielvrdes novads'),
(4122,117,'Liepja'),
(4123,117,'Limbai, Limbau novads'),
(4124,117,'Limbau novads'),
(4125,117,'Lgatne, Lgatnes novads'),
(4126,117,'Lgatnes novads'),
(4127,117,'Lvni, Lvnu novads'),
(4128,117,'Lvnu novads'),
(4129,117,'Lubna, Lubnas novads'),
(4130,117,'Lubnas novads'),
(4131,117,'Ludza, Ludzas novads'),
(4132,117,'Ludzas novads'),
(4133,117,'Madona, Madonas novads'),
(4134,117,'Madonas novads'),
(4135,117,'Mazsalaca, Mazsalacas novads'),
(4136,117,'Mazsalacas novads'),
(4137,117,'Mlpils novads'),
(4138,117,'Mrupes novads'),
(4139,117,'Mrsraga novads'),
(4140,117,'Nauknu novads'),
(4141,117,'Neretas novads'),
(4142,117,'Ncas novads'),
(4143,117,'Ogre, Ogres novads'),
(4144,117,'Ogres novads'),
(4145,117,'Olaine, Olaines novads'),
(4146,117,'Olaines novads'),
(4147,117,'Ozolnieku novads'),
(4148,117,'Prgaujas novads'),
(4149,117,'Pvilosta, Pvilostas novads'),
(4150,117,'Pvilostas novads'),
(4151,117,'Piltene, Ventspils novads'),
(4152,117,'Pavias, Paviu novads'),
(4153,117,'Paviu novads'),
(4154,117,'Preii, Preiu novads'),
(4155,117,'Preiu novads'),
(4156,117,'Priekule, Priekules novads'),
(4157,117,'Priekules novads'),
(4158,117,'Priekuu novads'),
(4159,117,'Raunas novads'),
(4160,117,'Rzekne'),
(4161,117,'Rzeknes novads'),
(4162,117,'Riebiu novads'),
(4163,117,'Rga'),
(4164,117,'Rojas novads'),
(4165,117,'Ropau novads'),
(4166,117,'Rucavas novads'),
(4167,117,'Rugju novads'),
(4168,117,'Rundles novads'),
(4169,117,'Rjiena, Rjienas novads'),
(4170,117,'Rjienas novads'),
(4171,117,'Sabile, Talsu novads'),
(4172,117,'Salacgrva, Salacgrvas novads'),
(4173,117,'Salacgrvas novads'),
(4174,117,'Salas novads'),
(4175,117,'Salaspils novads'),
(4176,117,'Salaspils, Salaspils novads'),
(4177,117,'Saldus novads'),
(4178,117,'Saldus, Saldus novads'),
(4179,117,'Saulkrasti, Saulkrastu novads'),
(4180,117,'Saulkrastu novads'),
(4181,117,'Seda, Strenu novads'),
(4182,117,'Sjas novads'),
(4183,117,'Sigulda, Siguldas novads'),
(4184,117,'Siguldas novads'),
(4185,117,'Skrveru novads'),
(4186,117,'Skrunda, Skrundas novads'),
(4187,117,'Skrundas novads'),
(4188,117,'Smiltene, Smiltenes novads'),
(4189,117,'Smiltenes novads'),
(4190,117,'Staicele, Alojas novads'),
(4191,117,'Stende, Talsu novads'),
(4192,117,'Stopiu novads'),
(4193,117,'Streni, Strenu novads'),
(4194,117,'Strenu novads'),
(4195,117,'Subate, Ilkstes novads'),
(4196,117,'Talsi, Talsu novads'),
(4197,117,'Talsu novads'),
(4198,117,'Trvetes novads'),
(4199,117,'Tukuma novads'),
(4200,117,'Tukums, Tukuma novads'),
(4201,117,'Vaiodes novads'),
(4202,117,'Valdemrpils, Talsu novads'),
(4203,117,'Valka, Valkas novads'),
(4204,117,'Valkas novads'),
(4205,117,'Valmiera'),
(4206,117,'Vangai, Inukalna novads'),
(4207,117,'Varakni, Varaknu novads'),
(4208,117,'Varaknu novads'),
(4209,117,'Vrkavas novads'),
(4210,117,'Vecpiebalgas novads'),
(4211,117,'Vecumnieku novads'),
(4212,117,'Ventspils'),
(4213,117,'Ventspils novads'),
(4214,117,'Vieste, Viestes novads'),
(4215,117,'Viestes novads'),
(4216,117,'Viaka, Viakas novads'),
(4217,117,'Viakas novads'),
(4218,117,'Vini, Vinu novads'),
(4219,117,'Vinu novads'),
(4220,117,'Zilupe, Zilupes novads'),
(4221,117,'Zilupes novads'),
(4222,43,'Arica y Parinacota'),
(4223,43,'Los Rios'),
(4224,220,'Kharkivs\'ka Oblast\''),
(4225,118,'Beirut'),
(4226,118,'Bekaa'),
(4227,118,'Mount Lebanon'),
(4228,118,'Nabatieh'),
(4229,118,'North'),
(4230,118,'South');

/*!40101 SET SQL_MODE=@OLD_SQL_MODE */;
/*!40014 SET FOREIGN_KEY_CHECKS=@OLD_FOREIGN_KEY_CHECKS */;
/*!40014 SET UNIQUE_CHECKS=@OLD_UNIQUE_CHECKS */;
/*!40111 SET SQL_NOTES=@OLD_SQL_NOTES */;
